name,chef,hometown,city,state,age,season,seasonNumber,series,placement,personOfColor,occupation,gender
Richard Blais,Richard B.,NA,NA,NA,38,All Stars: New York,8,US,1,NA,Owner,Male
Mike Isabella,Mike I.,NA,NA,NA,35,All Stars: New York,8,US,2,NA,Executive Chef/Owner,Male
Antonia Lofaso,Antonia L.,NA,NA,NA,34,All Stars: New York,8,US,3,NA,Executive Chef,Female
Tiffany Derry,Tiffany D.,NA,NA,NA,27,All Stars: New York,8,US,4,POC,Executive Chef,Female
Carla Hall,Carla H.,NA,NA,NA,46,All Stars: New York,8,US,5,POC,Chef/Owner,Female
Dale Talde,Dale T.,NA,NA,NA,32,All Stars: New York,8,US,6,POC,Chef de Cuisine,Male
Angelo Sosa,Angelo S.,NA,NA,NA,35,All Stars: New York,8,US,7,POC,President,Male
Fabio Viviani,Fabio V.,NA,NA,NA,32,All Stars: New York,8,US,8,NA,Owner,Male
Tre Wilcox,Tre W.,NA,NA,NA,34,All Stars: New York,8,US,9,POC,Executive Chef,Male
Marcel Vigneron,Marcel V.,NA,NA,NA,30,All Stars: New York,8,US,10,NA,Executive Chef,Male
Jamie Lauren,Jamie L.,NA,NA,NA,32,All Stars: New York,8,US,11,NA,Executive Chef,Female
Tiffani Faison,Tiffani F.,NA,NA,NA,33,All Stars: New York,8,US,11,NA,Executive Chef,Female
Casey Thompson,Casey T.,NA,NA,NA,32,All Stars: New York,8,US,13,NA,Executive Chef,Female
Spike Mendelsohn,Spike M.,NA,NA,NA,29,All Stars: New York,8,US,14,NA,Chef/Owner,Male
Dale Levitski,Dale L.,NA,NA,NA,37,All Stars: New York,8,US,15,NA,Executive Chef,Male
Stephen Asprinio,Stephen A.,NA,NA,NA,29,All Stars: New York,8,US,15,NA,Principal,Male
Jennifer Carroll,Jennifer C.,NA,NA,NA,35,All Stars: New York,8,US,17,NA,Chef de Cuisine,Female
Elia Aboumrad,Elia A.,NA,NA,NA,27,All Stars: New York,8,US,18,NA,Consultant/Private Caterer,Female
Melissa King,Melissa K.,NA,San Francisco,California,NA,All-Stars L.A.,17,US,1,POC,NA,Female
Bryan Voltaggio,Bryan V.,NA,Frederick,Maryland,NA,All-Stars L.A.,17,US,2,NA,NA,Male
Stephanie Cmar,Stephanie C.,NA,Boston,Massachusetts,NA,All-Stars L.A.,17,US,2,NA,NA,Female
Kevin Gillespie,Kevin G.,NA,Atlanta,Georgia,NA,All-Stars L.A.,17,US,4,NA,NA,Male
Gregory Gourdet,Gregory G.,NA,Portland,Oregon,NA,All-Stars L.A.,17,US,5,POC,NA,Male
Brian Malarkey,Brian M.,NA,San Diego,California,NA,All-Stars L.A.,17,US,6,NA,NA,Male
Karen Akunowicz,Karen A.,NA,Boston,Massachusetts,NA,All-Stars L.A.,17,US,7,NA,NA,Female
Lee Anne Wong,Lee Anne W.,NA,Maui,Hawaii,NA,All-Stars L.A.,17,US,8,POC,NA,Female
Eric Adjepong,Eric A.,NA,Washington,D.C.,NA,All-Stars L.A.,17,US,9,POC,NA,Male
Nini Nguyen,Nini N.,NA,New York,New York,NA,All-Stars L.A.,17,US,10,POC,NA,Female
Jennifer Carroll,Jennifer C.,NA,Philadelphia,Pennsylvania,NA,All-Stars L.A.,17,US,11,NA,NA,Female
Lisa Fernandes,Lisa F.,NA,Brooklyn,New York,NA,All-Stars L.A.,17,US,12,NA,NA,Female
Jamie Lynch,Jamie Ly.,NA,Charlotte,North Carolina,NA,All-Stars L.A.,17,US,13,NA,Chef/Partner,Female
Angelo Sosa,Angelo S.,NA,San Diego,California,NA,All-Stars L.A.,17,US,14,POC,NA,Male
Joe Sasto,Joe S.,NA,Los Angeles,California,NA,All-Stars L.A.,17,US,15,NA,NA,Male
Mei Lin,Mei L.,"Dearborn, Michigan",Los Angeles,California,28,Boston,12,US,1,POC,Sous Chef,Female
Gregory Gourdet,Gregory G.,"Queens, New York",Portland,Oregon,39,Boston,12,US,2,POC,Executive Chef,Male
Doug Adams,Doug A.,"Tyler, Texas",Portland,Oregon,29,Boston,12,US,3,NA,Sous Chef,Male
Melissa King,Melissa K.,"Los Angeles, California",San Francisco,California,30,Boston,12,US,4,POC,Private Chef,Female
George Pagonis,George P.,"Washington, D.C.",Washington,D.C.,31,Boston,12,US,5,NA,Chef/Partner,Male
Katsuji Tanabe,Katsuji T.,"Mexico City, Mexico",Los Angeles,California,33,Boston,12,US,6,POC,Chef/Owner,Male
Adam Harvey,Adam H.,"New York, New York",New York,New York,29,Boston,12,US,7,NA,Sous Chef,Male
Katie Weinner,Katie W.,"Rosemount, Minnesota",Salt Lake City,Utah,35,Boston,12,US,8,NA,Chef/Owner,Female
Keriann Von Raesfeld,Keriann vR.,"San Jose, California",San Jose,California,28,Boston,12,US,9,NA,Executive Chef,Female
Stacy Cogswell,Stacy C.,"Boston, Massachusetts",Boston,Massachusetts,33,Boston,12,US,10,NA,Executive Chef,Female
Aaron Grissom,Aaron G.,"Tacoma, Washington",North Hollywood,California,27,Boston,12,US,11,NA,Executive Chef,Male
James Rigato,James R.,"Howell, Michigan",White Lake,Michigan,29,Boston,12,US,12,NA,Executive Chef,Male
Rebecca LaMalfa,Rebecca L.,"Chico, California",Chicago,Illinois,32,Boston,12,US,12,NA,Executive Sous Chef,Female
Ron Eyester,Ron E.,"Long Island, New York",Atlanta,Georgia,40,Boston,12,US,14,NA,Chef/Owner,Male
Joy Crump,Joy C.,"Coatesville, Pennsylvania",Fredericksburg,Virginia,46,Boston,12,US,15,NA,Executive Chef/Owner,Female
Michael Patlazhan,Michael P.,"Brooklyn, New York",Brooklyn,New York,31,Boston,12,US,16,NA,Private Chef,Male
Jeremy Ford,Jeremy F.,"Jacksonville, Florida",Miami,Florida,30,California,13,US,1,NA,Chef de Cuisine,Male
Amar Santana,Amar S.,"Queens, New York",Orange County,California,33,California,13,US,2,POC,Executive Chef/Owner,Male
Isaac Toups,Isaac T.,"Rayne, Louisiana",New Orleans,Louisiana,36,California,13,US,3,NA,Executive Chef/Owner,Male
Marjorie Meek-Bradley,Marjorie M.B.,"Ukiah, California",Washington,D.C.,30,California,13,US,4,NA,Executive Chef,Female
Carl Dooley,Carl D.,"Boston, Massachusetts",Boston,Massachusetts,30,California,13,US,5,NA,Chef de Cuisine,Male
Kwame Onwuachi,Kwame O.,"Bronx, New York",Washington,D.C.,25,California,13,US,6,POC,Chef de Cuisine,Male
Karen Akunowicz,Karen A.,"Kearny, New Jersey",Boston,Massachusetts,37,California,13,US,7,NA,Executive Chef,Female
Phillip Frankland Lee,Phillip F.L.,"Los Angeles, California",Los Angeles,California,28,California,13,US,8,NA,Executive Chef/Owner,Male
Chad White,Chad W.,"Spokane, Washington",San Diego,California,32,California,13,US,9,NA,Executive Chef/Owner,Male
Jason Stratton,Jason S.,"Seattle, Washington",Seattle,Washington,35,California,13,US,10,NA,Executive Chef,Male
Wesley True,Wesley T.,"Mobile, Alabama",Atlanta,Georgia,38,California,13,US,11,NA,Executive Chef,Male
Angelina Bastidas,Angelina B.,"Miami, Florida",Miami,Florida,25,California,13,US,12,POC,Chef de Cuisine,Female
Giselle Wellman,Giselle W.,"San Diego, California",Los Angeles,California,31,California,13,US,13,NA,Executive Chef,Female
Grayson Schmitz,Grayson S.,"New Holstein, Wisconsin",New York,New York,32,California,13,US,14,NA,Head of Development,Female
Frances Tariga-Weshnak,Frances T.W.,"Manila, Philippines",New York,New York,33,California,13,US,15,POC,Sous Chef,Female
Renee Kelly,Renee K.,"Shawnee, Kansas",Merriam,Kansas,34,California,13,US,16,NA,Executive Chef/Owner,Female
Garret Fleming,Garret F.,"Rockford, Illinois",Washington,D.C.,33,California,13,US,17,NA,Executive Chef,Male
Ross Larkin,Ross L.,NA,St. Johns,Newfoundland,31,Canada 6,6,Canada,1,NA,Chef de Cuisine,Male
Mark Singson,Mark S.,NA,Vancouver,British Columbia,29,Canada 6,6,Canada,2,POC,Chef/Owner,Male
Jinhee Lee,Jinhee L.,NA,Calgary,Alberta,38,Canada 6,6,Canada,3,POC,Executive Chef,Female
JP Miron,JP M.,NA,Montreal,Quebec,30,Canada 6,6,Canada,3,NA,Chef de Cuisine,Male
Nathan Guggeheimer,Nathan G.,NA,Saskatoon,Saskatchewan,35,Canada 6,6,Canada,5,NA,Chef/Partner,Male
Darren Rogers,Darren R.,NA,Montreal,Quebec,27,Canada 6,6,Canada,6,NA,Chef de Cuisine,Male
Jesse Zuber,Jesse Z.,NA,Saskatoon,Saskatchewan,29,Canada 6,6,Canada,7,NA,Chef/Partner,Male
Matt Sullivan,Matt S.,NA,Toronto,Ontario,34,Canada 6,6,Canada,7,NA,Executive Chef,Male
Elia Herrera,Elia H.,NA,Toronto,Ontario,37,Canada 6,6,Canada,9,POC,Executive Chef,Female
Ivana Raca,Ivana R.,NA,Toronto,Ontario,33,Canada 6,6,Canada,10,NA,Chef/Owner,Female
Felix Zhou,Felix Z.,NA,Coquitlam,British Columbia,29,Canada 6,6,Canada,11,POC,Chef/Owner,Male
Brooke Williamson,Brooke W.,NA,Los Angeles,California,NA,Charleston,14,US,1,NA,Executive Chef/Owner,Female
Shirley Chung,Shirley C.,NA,Irvine,California,NA,Charleston,14,US,2,POC,Executive Chef/Owner,Female
Sheldon Simeon,Sheldon S.,NA,Maui,Hawaii,NA,Charleston,14,US,3,POC,Executive Chef/Owner,Male
John Tesar,John T.,NA,Dallas,Texas,58,Charleston,14,US,4,NA,Executive Chef/Owner,Male
Sylva Sevat,Sylva S.,NA,Philadelphia,Pennsylvania,NA,Charleston,14,US,5,POC,Executive Chef,Male
Casey Thompson,Casey T.,NA,Napa,California,NA,Charleston,14,US,6,NA,Executive Chef/Restaurant Consultant,Female
Emily Hahn,Emily H.,NA,Charleston,South Carolina,NA,Charleston,14,US,7,NA,Exeecutive Chef,Female
Katsuji Tanabe,Katsuji T.,NA,Los Angeles,California,NA,Charleston,14,US,8,POC,Executive Chef/Owner,Male
Jamie Lynch,Jamie Ly.,NA,Charleston,South Carolina,NA,Charleston,14,US,9,NA,Executive Chef/Partner,Male
Jim Smith,Jim S.,NA,Montgomery,Alabama,NA,Charleston,14,US,10,NA,Executive Chef,Male
Amanda Baumgarten,Amanda B.,NA,Chicago,Illinois,NA,Charleston,14,US,11,NA,Bartender,Female
Silvia Barban,Silvia B.,NA,Brooklyn,New York,26,Charleston,14,US,12,NA,Executive Chef,Female
BJ Smith,BJ S.,NA,Portland,Oregon,NA,Charleston,14,US,13,NA,Executive Chef/Owner,Male
Sam Talbot,Sam T.,NA,Brooklyn,New York,NA,Charleston,14,US,14,NA,Executive Chef/Owner,Male
Annie Pettry,Annie P.,NA,Louisville,Kentucky,NA,Charleston,14,US,15,NA,Executive Chef/Partner,Female
Gerald Sombright,Gerald S.,NA,Marco Island,Florida,NA,Charleston,14,US,16,POC,Chef de Cuisine,Male
Stephanie Izard,Stephanie I.,"Stamford, Connecticut",Chicago,Illinois,31,Chicago,4,US,1,NA,NA,Female
Lisa Fernandes,Lisa F.,"Toronto, Ontario",New York,New York,27,Chicago,4,US,2,NA,NA,Female
Richard Blais,Richard B.,"Uniondale, New York",Atlanta,Georgia,35,Chicago,4,US,2,NA,NA,Male
Antonia Lofaso,Antonia L.,"Los Angeles, California",Los Angeles,California,31,Chicago,4,US,4,NA,NA,Female
Spike Mendelsohn,Spike M.,"Clearwater Beach, Florida",Washington,D.C.,27,Chicago,4,US,5,NA,NA,Male
Dale Talde,Dale T.,"Chicago, Illinois",New York,New York,29,Chicago,4,US,6,POC,NA,Male
Andrew D'Ambrosi,Andrew D.,"Fort Lauderdale, Florida",New York,New York,30,Chicago,4,US,7,NA,NA,Female
Nikki Cascone,Nikki C.,"New York, New York",New York,New York,35,Chicago,4,US,8,NA,NA,Female
Mark Simmons,Mark S.,"Invercargill, New Zealand",New York,New York,29,Chicago,4,US,9,NA,NA,Male
Jennifer Biesty,Jennifer B.,"Brooklyn, New York",San Francisco,California,35,Chicago,4,US,10,NA,NA,Female
Ryan Scott,Ryan S.,"Los Banos, California",San Francisco,California,28,Chicago,4,US,11,NA,NA,Male
Zoi Antonitsas,Zoi A.,"Seattle, Washington",San Francisco,California,30,Chicago,4,US,12,NA,NA,Female
Manuel Trevino,Manuel T.,"Laredo, Texas",New York,New York,33,Chicago,4,US,13,POC,NA,Male
Erik Hopfinger,Erik H.,"Chappaqua, New York",San Francisco,California,38,Chicago,4,US,14,NA,NA,Male
Valerie Bolon,Valerie B.,"Chicago, Illinois",Chicago,Illinois,32,Chicago,4,US,15,NA,NA,Female
Nimma Osman,Nimma O.,"Peachtree City, Georgia",Atlanta,Georgia,26,Chicago,4,US,16,POC,NA,Female
Kevin Sbraga,Kevin Sb.,"Willingboro, New Jersey",Willingboro,New Jersey,30,D.C.,7,US,1,POC,NA,Male
Angelo Sosa,Angelo S.,"Durham, Connecticut",New York,New York,34,D.C.,7,US,2,POC,NA,Male
Ed Cotton,Ed C.,"Boston, Massachusetts",Queens,New York,32,D.C.,7,US,2,NA,NA,Male
Kelly Liken,Kelly L.,"Pittsburgh, Pennsylvania",Vail,Colorado,33,D.C.,7,US,4,NA,NA,Female
Tiffany Derry,Tiffany D.,"Beaumont, Texas",Dallas,Texas,26,D.C.,7,US,5,POC,NA,Female
Amanda Baumgarten,Amanda B.,"Los Angeles, California",Los Angeles,California,27,D.C.,7,US,6,NA,NA,Female
Alex Reznik,Alex R.,"Brooklyn, New York",Hollywood,California,33,D.C.,7,US,7,NA,NA,Male
Kenny Gilbert,Kenny G.,"Euclid, Ohio",Telluride,Colorado,36,D.C.,7,US,8,POC,NA,Male
Stephen Hopcraft,Stephen H.,"Cleveland, Ohio",Las Vegas,Nevada,40,D.C.,7,US,9,NA,NA,Male
Andrea Curto-Randazzo,Andrea C.R.,"Vero Beach, Florida",Miami Beach,Florida,39,D.C.,7,US,10,NA,NA,Female
Tamesha Warren,Tamesha W.,Barbados,Washington,D.C.,24,D.C.,7,US,11,POC,NA,Female
Timothy Dean,Tim D.,"Washington, D.C.",Baltimore,Maryland,39,D.C.,7,US,12,POC,NA,Male
Arnold Myint,Arnold M.,"Nashville, Tennessee",Nashville,Tennessee,32,D.C.,7,US,13,POC,NA,Male
Lynne Gigliotti,Lynne G.,"Philadelphia, Pennsylvania",Hyde Park,New York,51,D.C.,7,US,13,NA,NA,Female
Tracey Bloom,Tracey B.,"Rochester, New York",Atlanta,Georgia,33,D.C.,7,US,15,NA,NA,Female
Jacqueline Lombard,Jacqueline L.,"Boston, Massachusetts",Brooklyn,New York,33,D.C.,7,US,16,NA,NA,Female
John Somerville,John S.,"Detroit, Michigan",West Bloomfield,Michigan,42,D.C.,7,US,17,NA,NA,Male
Joseph Flamm,Joe F.,"Chicago, Illinois",Chicago,Illinois,NA,Colorado,15,US,1,NA,Executive Chef,Male
Adrienne Cheatham,Adrienne C.,"Chicago, Illinois",Harlem,New York,NA,Colorado,15,US,2,POC,Chef/Consultant,Female
Joe Sasto,Joe S.,NA,Los Angeles,California,27,Colorado,15,US,3,NA,Executive Chef,Male
Carrie Baird,Carrie B.,NA,Colorado,Colorado,NA,Colorado,15,US,4,NA,Chef de Cuisine,Female
Chris Scott,Chris S.,NA,Brooklyn,New York,NA,Colorado,15,US,5,POC,Chef/Owner,Male
Bruce Kalman,Bruce K.,NA,Pasadena,California,NA,Colorado,15,US,6,NA,Chef/Owner,Male
Fatima Ali,Fatima A.,NA,Brooklyn,New York,NA,Colorado,15,US,7,POC,Chef/Consultant,Female
Claudette Zepeda Wilkins,Claudette Z.-W.,NA,San Diego,California,32,Colorado,15,US,8,POC,Executive Chef,Female
Tanya Holland,Tanya H.,NA,Oakland,California,NA,Colorado,15,US,9,POC,Chef/Owner,Female
Brother Luck,Brother L.,NA,Colorado Springs,Colorado,NA,Colorado,15,US,10,POC,Chef/Owner,Male
Lee Anne Wong,Lee Anne W.,NA,Honolulu,Hawaii,39,Colorado,15,US,10,POC,Chef/Owner,Female
Tu David Phu,Tu P.,NA,Oakland,California,NA,Colorado,15,US,12,POC,Chef/Founder,Male
Tyler Anderson,Tyler A.,NA,Simsbury,Connecticut,NA,Colorado,15,US,13,NA,Chef/Owner,Male
Rogelio Garcia,Rogelio G.,NA,San Francisco,California,NA,Colorado,15,US,14,POC,Executive Chef,Male
Laura Cole,Laura C.,NA,Denali National Park,Alaska,NA,Colorado,15,US,15,NA,Chef/Owner,Female
Melissa Perfit,Melissa P.,NA,San Francisco,California,NA,Colorado,15,US,16,NA,Executive Chef,Female
Kah-wai Lo,Buddha,"Port Douglas, Australia",Brooklyn,New York,NA,Houston,19,US,1,POC,Executive Chef,Male
Evelyn Garcia,Evelyn G.,"Houston, Texas",Houston,Texas,NA,Houston,19,US,2,POC,Chef/Co-Owner,Female
Sarah Welch,Sarah W.,"Ann Arbor, Michigan",Detroit,Michigan,NA,Houston,19,US,2,NA,Executive Chef,Female
Damarr Brown,Damarr B.,"Chicago, Illinois",Chicago,Illinois,NA,Houston,19,US,4,POC,Chef de Cuisine,Male
Nick Wallace,Nick W.,"Edwards, Mississippi",Jackson,Mississippi,NA,Houston,19,US,5,POC,Chef,Male
Ashleigh Shanti,Ashleigh S.,"Virginia Beach, Virginia",Asheville,North Carolina,NA,Houston,19,US,6,POC,Chef/Owner,Female
Jae Jung,Jae J.,"Seoul, South Korea",New York City,New York,NA,Houston,19,US,7,POC,Chef/Owner,Female
Luke Kolpin,Luke K.,"Seattle, Washington",Seattle,Washington,NA,Houston,19,US,8,NA,Chef,Male
Jackson Kalb,Jackson K.,"Los Angeles, California",Los Angeles,California,NA,Houston,19,US,9,NA,Chef/Owner,Male
Jo Chan,Jo C.,"Palmdale, California",Austin,Texas,NA,Houston,19,US,10,POC,Executive Chef,Female
Monique Feybesse,Monique F.,"San Francisco, California",Vallejo,California,NA,Houston,19,US,11,POC,Chef/Owner,Female
Robert Hernandez,Robert H.,"Downey, California",San Francisco,California,NA,Houston,19,US,12,POC,Private Chef,Male
Sam Kang,Sam K.,"Gardena, California",Brooklyn,New York,NA,Houston,19,US,13,POC,Chef Educator,Male
Stephanie Miller,Stephanie M.,"Bismarck, North Dakota",Bismarck,North Dakota,NA,Houston,19,US,14,NA,Chef/Owner,Female
Leia Gaccione,Leia G.,"Passaic, New Jersey",Morristown,New Jersey,NA,Houston,19,US,15,NA,Chef/Owner,Female
Kelsey Barnard Clark,Kelsey B.-C.,NA,Dothan,Alabama,NA,Kentucky,16,US,1,NA,NA,Female
Sara Bradley,Sara B.,NA,Paducah,Kentucky,NA,Kentucky,16,US,2,NA,NA,Female
Eric Adjepong,Eric A.,NA,Washington,D.C.,NA,Kentucky,16,US,3,POC,NA,Male
Michelle Minori,Michelle M.,NA,San Francisco,California,NA,Kentucky,16,US,4,POC,NA,Female
Adrienne Wright,Adrienne W.,NA,Boston,Massachusetts,NA,Kentucky,16,US,5,NA,NA,Female
Justin Sutherland,Justin S.,NA,St. Paul,Minnesota,NA,Kentucky,16,US,6,POC,NA,Male
Edmund Konrad,Eddie K.,NA,Philadelphia,Pennsylvania,NA,Kentucky,16,US,7,NA,NA,Male
David Viana,David V.,NA,Asbury Park,New Jersey,NA,Kentucky,16,US,8,POC,NA,Male
Brian Young,Brian Y.,NA,Boston,Massachusetts,NA,Kentucky,16,US,9,NA,NA,Male
Brandon Rosen,Brandon R.,NA,San Mateo,California,NA,Kentucky,16,US,10,NA,NA,Male
Brother Luck,Brother L.,NA,Colorado Springs,Colorado,NA,Kentucky,16,US,11,POC,NA,Male
Nini Nguyen,Nini N.,NA,Brooklyn,New York,NA,Kentucky,16,US,12,POC,NA,Female
Pablo Lamon,Pablo L.,NA,Miami Beach,Florida,NA,Kentucky,16,US,12,POC,NA,Male
Kevin Scharpf,Kevin S.,NA,Dubuque,Iowa,NA,Kentucky,16,US,14,NA,NA,Male
Natalie Maronski,Natalie M.,NA,Philadelphia,Pennsylvania,NA,Kentucky,16,US,15,NA,NA,Female
Caitlin Steininger,Caitlin S.,NA,Cincinnati,Ohio,NA,Kentucky,16,US,16,NA,NA,Female
Michael Voltaggio,Michael V.,"Frederick, Maryland",Pasadena,California,30,Las Vegas,6,US,1,NA,NA,Male
Bryan Voltaggio,Bryan V.,"Frederick, Maryland",Urbana,Maryland,33,Las Vegas,6,US,2,NA,NA,Male
Kevin Gillespie,Kevin G.,"Atlanta, Georgia",Atlanta,Georgia,26,Las Vegas,6,US,2,NA,NA,Male
Jennifer Carroll,Jennifer C.,"Philadelphia, Pennsylvania",Philadelphia,Pennsylvania,33,Las Vegas,6,US,4,NA,NA,Female
Eli Kirshtein,Eli K.,"Atlanta, Georgia",Atlanta,Georgia,25,Las Vegas,6,US,5,NA,NA,Male
Robin Leventhal,Robin L.,"Sun Valley, Idaho",Seattle,Washington,43,Las Vegas,6,US,6,NA,NA,Female
Mike Isabella,Mike I.,"Little Ferry, New Jersey",Washington,D.C.,34,Las Vegas,6,US,7,NA,NA,Male
Laurine Wickett,Laurine W.,"Rochester, New York",San Francisco,California,38,Las Vegas,6,US,8,NA,NA,Female
Ash Fulk,Ash F.,"Pleasant Hill, California",New York,New York,29,Las Vegas,6,US,9,NA,NA,Male
Ashley Merriman,Ashley M.,"Center Sandwich, New Hampshire",Seattle,Washington,32,Las Vegas,6,US,10,NA,NA,Female
Ron Duprat,Ron D.,"Mare Rouge, Haiti",Naples,Florida,40,Las Vegas,6,US,11,POC,NA,Male
Mattin Noblia,Mattin N.,"Biarritz, France",San Francisco,California,29,Las Vegas,6,US,12,NA,NA,Male
Hector Santiago,Hector S.,"San Juan, Puerto Rico",Atlanta,Georgia,41,Las Vegas,6,US,13,POC,NA,Male
Jesse Sandlin,Jesse S.,"Baltimore, Maryland",Baltimore,Maryland,30,Las Vegas,6,US,14,NA,NA,Female
Preeti Mistry,Preeti M.,"San Francisco, California",San Francisco,California,33,Las Vegas,6,US,15,POC,NA,Female
Eve Aronoff,Eve A.,"Ann Arbor, Michigan",Ann Arbor,Michigan,40,Las Vegas,6,US,16,NA,NA,Female
Jennifer Zavala,Jen Z.,"Cromwell, Connecticut",Philadelphia,Pennsylvania,31,Las Vegas,6,US,17,POC,NA,Female
Ilan Hall,Ilan H.,NA,New York,New York,24,Los Angeles,2,US,1,NA,NA,Male
Marcel Vigneron,Marcel V.,NA,Las Vegas,Nevada,26,Los Angeles,2,US,2,NA,NA,Male
Elia Aboumrad,Elia A.,NA,Las Vegas,Nevada,23,Los Angeles,2,US,3,POC,NA,Female
Sam Talbot,Sam T.,NA,New York,New York,28,Los Angeles,2,US,3,NA,NA,Male
Cliff Crooks,Cliff C.,NA,West Caldwell,New Jersey,28,Los Angeles,2,US,5,POC,NA,Male
Michael Midgley,Michael M.,NA,Lodi,California,28,Los Angeles,2,US,6,NA,NA,Male
Betty Fraser,Betty F.,NA,Los Angeles,California,44,Los Angeles,2,US,7,NA,NA,Female
Mia Gaines-Alt,Mia G.-A.,NA,Oakdale,California,32,Los Angeles,2,US,8,POC,NA,Female
Frank Terzoli,Frank T.,NA,San Diego,California,39,Los Angeles,2,US,9,NA,NA,Male
Carlos Fernandez,Carlos F.,NA,Fort Lauderdale,Florida,36,Los Angeles,2,US,10,POC,NA,Male
Josie Smith-Malave,Josie S.-M.,NA,Brooklyn,New York,31,Los Angeles,2,US,11,POC,NA,Female
Marisa Churchill,Marisa C.,NA,San Francisco,California,28,Los Angeles,2,US,11,POC,NA,Female
Emily Sprissler,Emily S.,NA,Las Vegas,Nevada,30,Los Angeles,2,US,13,NA,NA,Female
Otto Borsich,Otto B.,NA,Las Vegas,Nevada,46,Los Angeles,2,US,14,NA,NA,Male
Suyai Steinhauer,Suyai S.,NA,New York,New York,29,Los Angeles,2,US,15,NA,NA,Female
Art Smith,Art Smith,NA,Chicago,Illinois,NA,Masters Season 1,1,US Masters,5,NA,Chef/Owner,Male
Suzanne Tracht,Suzanne Tracht,NA,Los Angeles,California,NA,Masters Season 1,1,US Masters,6,NA,Executive Chef/Owner,Female
Graham Elliot Bowles,Graham Elliot,NA,Chicago,Illinois,NA,Masters Season 1,1,US Masters,7,NA,Executive Chef,Male
Wylie Dufresne,Wylie Dufresne,NA,New York,New York,NA,Masters Season 1,1,US Masters,8,NA,Chef/Owner,Male
Jonathan Waxman,Jonathan Waxman,NA,New York,New York,NA,Masters Season 1,1,US Masters,9,NA,Chef,Male
Wilo Benet,Wilo Benet,NA,San Juan,Puerto Rico,NA,Masters Season 1,1,US Masters,10,POC,Chef/Owner,Male
Christopher Lee,Christopher Lee,NA,New York,New York,NA,Masters Season 1,1,US Masters,11,POC,Executive Chef,Male
Mark Peel,Mark Peel,NA,Los Angeles,California,NA,Masters Season 1,1,US Masters,12,NA,Chef/Owner,Male
Michael Cimarusti,Michael Cimarusti,NA,Los Angeles,California,NA,Masters Season 1,1,US Masters,13,NA,Chef/Owner,Male
Rick Moonen,Rick Moonen,NA,Las Vegas,Nevada,NA,Masters Season 1,1,US Masters,14,NA,Executive Chef/Owner,Male
Nils Noren,Nils Noren,NA,New York,New York,NA,Masters Season 1,1,US Masters,15,NA,Vice President of Culinary Arts,Male
Ludo Lefebvre,Ludo Lefebvre,NA,Los Angeles,California,NA,Masters Season 1,1,US Masters,16,NA,Chef/Owner,Male
Elizabeth Faulkner,Elizabeth Faulkner,NA,San Francisco,California,NA,Masters Season 1,1,US Masters,17,NA,Chef/Owner,Female
Lachlan MacKinnon-Patterson,Lachlan MacKinnon-Patterson,NA,Boulder,Colorado,NA,Masters Season 1,1,US Masters,18,NA,Chef/Founder,Male
Cindy Pawlcyn,Cindy Pawlcyn,NA,Napa,California,NA,Masters Season 1,1,US Masters,19,NA,Chef/Owner,Female
Roy Yamaguchi,Roy Yamaguchi,NA,Honolulu,Hawaii,NA,Masters Season 1,1,US Masters,20,POC,Chef/Owner,Male
Tim Love,Tim Love,NA,Fort Worth,Texas,NA,Masters Season 1,1,US Masters,21,NA,Chef/Owner,Male
Michael Schlow,Michael Schlow,NA,Boston,Massachusetts,NA,Masters Season 1,1,US Masters,22,NA,Executive Chef/Owner,Male
Douglas Rodriguez,Douglas Rodriguez,NA,Philadelphia,Pennsylvania,NA,Masters Season 1,1,US Masters,23,POC,Chef/Owner,Male
John Besh,John Besh,NA,New Orleans,Lousiana,NA,Masters Season 1,1,US Masters,24,NA,Chef/Owner,Male
Anita Lo,Anita Lo,NA,New York,New York,NA,Masters Season 1,1,US Masters,4,POC,Chef/Owner,Female
Hubert Keller,Hubert Keller,NA,San Francisco,California,NA,Masters Season 1,1,US Masters,3,NA,Executive Chef/Owner,Male
Michael Chiarello,Michael Chiarello,NA,Napa,California,NA,Masters Season 1,1,US Masters,2,NA,Owner,Male
Rick Bayless,Rick Bayless,NA,Chicago,Illinois,NA,Masters Season 1,1,US Masters,1,NA,Chef/Owner,Male
Hung Huynh,Hung H.,"Pittsfield, Massachusetts",Las Vegas,Nevada,29,Miami,3,US,1,POC,NA,Male
Casey Thompson,Casey T.,"Cedar Hill, Texas",Dallas,Texas,29,Miami,3,US,2,NA,NA,Female
Dale Levitski,Dale L.,"Chicago, Illinois",Chicago,Illinois,34,Miami,3,US,2,NA,NA,Male
Brian Malarkey,Brian M.,"Bend, Oregon",San Diego,California,34,Miami,3,US,4,NA,NA,Male
Sara Mair,Sara M.,"Kingston, Jamaica",Miami,Florida,34,Miami,3,US,5,POC,NA,Female
Chris Jacobson,CJ J.,"El Toro, California",Venice,California,31,Miami,3,US,6,NA,NA,Male
Howie Kleinberg,Howie K.,"Miami, Florida",Miami,Florida,31,Miami,3,US,7,NA,NA,Male
Tre Wilcox,Tre W.,"Duncanville, Texas",Cedar Hill,Texas,30,Miami,3,US,8,POC,NA,Male
Sara Nguyen,Sara N.,"Santa Monica, California",Chicago,Illinois,25,Miami,3,US,9,POC,NA,Female
Joey Paulino,Joey P.,"Long Island, New York",New York,New York,29,Miami,3,US,10,NA,NA,Male
Lia Bardeen,Lia B.,"Tacoma, Washington",Brooklyn,New York,28,Miami,3,US,11,NA,NA,Female
Camille Becerra,Camille B.,"Elizabeth, New Jersey",Brooklyn,New York,34,Miami,3,US,12,POC,NA,Female
Micah Edelstein,Micah E.,"Bridgewater, Massachusetts",Boca Raton,Florida,33,Miami,3,US,13,NA,NA,Female
Sandee Birdsong,Sandee B.,"St. Simons Island, Georgia",Miami Beach,Florida,39,Miami,3,US,14,NA,NA,Female
Clay Bowen,Clay B.,"Columbus, Mississippi",Santa Barbara,California,28,Miami,3,US,15,NA,NA,Male
Nicholas Elmi,Nicholas E.,"West Newbury, Massachusetts",Philadelphia,Pennsylvania,32,New Orleans,11,US,1,NA,Executive Chef,Male
Nina Compton,Nina C.,Saint Lucia,New Orleans,Louisiana,34,New Orleans,11,US,2,POC,Chef/Owner,Female
Shirley Chung,Shirley C.,"Beijing, China",Las Vegas,Nevada,36,New Orleans,11,US,3,POC,Executive Chef,Female
Louis Maldonado,Louis M.,"Ukiah, California",Healdsburg,California,32,New Orleans,11,US,4,POC,Executive Chef,Male
Carlos Gaytan,Carlos G.,"Huitzuco, Guerrero, Mexico",Chicago,Illinois,42,New Orleans,11,US,5,POC,Executive Chef/Owner,Male
Brian Huskey,Brian Hu.,"Pasadena, California",Los Angeles,California,32,New Orleans,11,US,6,POC,Executive Chef,Male
Stephanie Cmar,Stephanie C.,"Boston, Massachusetts",Boston,Massachusetts,28,New Orleans,11,US,7,NA,Sous Chef,Female
Carrie Mashaney,Carrie M.,"Carpenter, Iowa",Seattle,Washington,35,New Orleans,11,US,8,NA,Chef de Cuisine,Female
Justin Devillier,Justin D.,"Dana Point, California",New Orleans,Louisiana,32,New Orleans,11,US,9,NA,Chef/Proprieter,Male
Travis Masar,Travis M.,"La Junta, Colorado",Philadelphia,Pennsylvania,27,New Orleans,11,US,10,NA,Executive Chef,Male
Sara Johannes,Sara J.,"Milwaukee, Wisconsin",Minneapolis,Minnesota,36,New Orleans,11,US,11,NA,Executive Chef,Female
Patricia Vega,Patty V.,"Gurabo, Puerto Rico",New York,New York,29,New Orleans,11,US,12,POC,Sous Chef,Female
Benedetto Bartolotta,Bene B.,"Astoria, New York",New York,New York,27,New Orleans,11,US,13,NA,Chef/Owner,Male
Michael Sichel,Michael S.,"Valhalla, New York",New Orleans,Louisiana,46,New Orleans,11,US,14,NA,Executive Chef,Male
Janine Booth,Janine B.,"Perth, Australia",New York,New York,25,New Orleans,11,US,15,NA,Chef de Cuisine,Female
Bret Pelaggi,Bret P.,"Norwood, Massachusetts",Miami,Florida,34,New Orleans,11,US,16,NA,Chef de Cuisine,Male
Aaron Cuschieri,Aaron C.,"Livonia, Michigan",Chicago,Illinois,29,New Orleans,11,US,17,NA,Executive Chef,Male
Jason Cichonski,Jason C.,"Bucks County, Pennsylvania",Philadelphia,Pennsylvania,27,New Orleans,11,US,18,NA,Executive Chef/Owner,Male
Ramon Bojorquez,Ramon B.,"Rio Rico, Arizona",San Diego,California,31,New Orleans,11,US,19,NA,Sous Chef,Male
Hosea Rosenberg,Hosea R.,"Taos, New Mexico",Boulder,Colorado,34,New York,5,US,1,NA,NA,Male
Carla Hall,Carla H.,"Nashville, Tennessee",Washington,D.C.,44,New York,5,US,2,POC,NA,Female
Stefan Richter,Stefan R.,"Tampere, Finland",Santa Monica,California,35,New York,5,US,2,NA,NA,Male
Fabio Viviani,Fabio V.,"Florence, Italy",Moorpark,California,30,New York,5,US,4,NA,NA,Male
Jeffrey McInnis,Jeff M.,"Niceville, Florida",Miami,Florida,30,New York,5,US,4,NA,NA,Male
Leah Cohen,Leah C.,"Scarsdale, New York",New York,New York,26,New York,5,US,6,NA,NA,Female
Jamie Lauren,Jamie L.,"New York, New York",San Francisco,California,30,New York,5,US,7,NA,NA,Female
Radhika Desai,Radhika D.,"Chicago, Illinois",Chicago,Illinois,28,New York,5,US,8,POC,NA,Female
Ariane Duarte,Ariane D.,"Verona, New Jersey",Verona,New Jersey,41,New York,5,US,9,NA,NA,Female
Eugene Villiatora,Eugene V.,"Whitmore Village, Hawaii",Las Vegas,Nevada,33,New York,5,US,10,POC,NA,Male
Melissa Harrison,Melissa H.,"Sparks, Maryland",Boulder,Colorado,28,New York,5,US,10,NA,NA,Female
Daniel Gagnon,Daniel G.,"New Hyde Park, New York",New Hyde Park,New York,26,New York,5,US,12,NA,NA,Male
Alex Eusebio,Alex E.,"New York, New York",Los Angeles,California,33,New York,5,US,13,NA,NA,Male
Richard Sweeney,Richard S.,"Sayville, New York",San Diego,California,27,New York,5,US,14,NA,NA,Male
Jill Snyder,Jill S.,"Latrobe, Pennsylvania",Baltimore,Maryland,28,New York,5,US,15,NA,NA,Female
Patrick Dunlea,Patrick D.,"Quincy, Massachusetts",Hyde Park,New York,21,New York,5,US,16,NA,NA,Male
Lauren Hope,Lauren H.,"Cincinnati, Ohio",Savannah,Georgia,24,New York,5,US,17,NA,NA,Female
Gabe Erales,Gabe E.,"El Paso, Texas",Austin,Texas,NA,Portland,18,US,1,POC,Chef,Male
Dawn Burrell,Dawn B.,"Philadelphia, Pennsylvania",Houston,Texas,NA,Portland,18,US,2,POC,Executive Chef/Partner,Female
Shota Nakajima,Shota N.,"Tokyo, Japan/Seattle, Washington",Seattle,Washington,NA,Portland,18,US,2,POC,Chef/Owner,Male
Jamie Tran,Jamie T.,"Stockton, California",Las Vegas,Nevada,NA,Portland,18,US,4,POC,Chef/Owner,Female
Maria Mazon,Maria M.,"Tucson, Arizona/Navojoa, Sonora",Tucson,Arizona,NA,Portland,18,US,5,POC,Executive Chef/Owner,Female
Byron Gomez,Byron G.,"Central Islip, New York",Aspen,Colorado,NA,Portland,18,US,6,POC,Executive Chef,Male
Chris Viaud,Chris V.,"Randolph, Massachusetts",Milford,New Hampshire,NA,Portland,18,US,7,POC,Chef/Owner,Male
Sara Hauman,Sara H.,"Vista, California",Portland,Oregon,NA,Portland,18,US,8,NA,Head Chef,Female
Avishar Barua,Avishar B.,"Columbus, Ohio",Columbus,Ohio,NA,Portland,18,US,9,POC,Executive Chef/General Manager,Male
Gabriel Pascuzzi,Gabriel P.,"Portland, Oregon",Portland,Oregon,NA,Portland,18,US,10,NA,Chef/Owner,Male
Nelson German,Nelson G.,"New York City, New York",Oakland,California,NA,Portland,18,US,10,POC,Executive Chef/Owner,Male
Kiki Louya,Kiki L.,"Detroit, Michigan",Detroit,Michigan,NA,Portland,18,US,12,POC,Chef/Consultant,Female
Brittanny Anderson,Brittanny A.,"Richmond, Virginia",Richmond,Virginia,NA,Portland,18,US,13,NA,Chef/Co-Owner,Female
Sasha Grumman,Sasha G.,"Newport Beach, California",Houston,Texas,NA,Portland,18,US,14,NA,Executive Chef,Female
Roscoe Hall,Roscoe H.,"Chicago, Illinois",Birmingham,Alabama,NA,Portland,18,US,15,POC,Chef/Artist/Father,Male
Harold Dieterle,Harold D.,NA,New York,New York,28,San Francisco,1,US,1,NA,NA,Male
Tiffani Faison,Tiffani F.,NA,Las Vegas,Nevada,28,San Francisco,1,US,2,NA,NA,Female
Dave Martin,Dave M.,NA,Long Beach,California,40,San Francisco,1,US,3,NA,NA,Male
Lee Anne Wong,Lee Anne W.,NA,New York,New York,28,San Francisco,1,US,4,POC,NA,Female
Stephen Asprinio,Stephen A.,NA,Las Vegas,Nevada,24,San Francisco,1,US,5,NA,NA,Male
Miguel Morales,Miguel M.,NA,New York,New York,27,San Francisco,1,US,6,NA,NA,Male
Andrea Beaman,Andrea B.,NA,New York,New York,38,San Francisco,1,US,7,NA,NA,Female
Lisa Parks,Lisa P.,NA,Los Angeles,California,45,San Francisco,1,US,8,POC,NA,Female
Candice Kumai,Candice K.,NA,Pasadena,California,23,San Francisco,1,US,9,POC,NA,Female
Brian Hill,Brian H.,NA,Los Angeles,California,37,San Francisco,1,US,10,POC,NA,Male
Cynthia Sestito,Cynthia S.,NA,East Hampton,New York,52,San Francisco,1,US,11,NA,NA,Female
Ken Lee,Ken L.,NA,Los Angeles,California,34,San Francisco,1,US,12,NA,NA,Male
Kristen Kish,Kristen K.,"Kentwood, Michigan",Boston,Massachusetts,28,Seattle,10,US,1,POC,Sous Chef,Female
Brooke Williamson,Brooke W.,"Los Angeles, California",Redondo Beach,California,34,Seattle,10,US,2,POC,Chef/Owner,Female
Sheldon Simeon,Sheldon S.,"Hilo, Hawaii",Lahaina,Hawaii,30,Seattle,10,US,3,NA,Executive Chef,Male
Joshua Valentine,Josh V.,"Del City, Oklahoma",Dallas,Texas,33,Seattle,10,US,4,NA,Executive Chef,Male
Elizabeth Binder,Lizzie B.,"Durban, South Africa",San Francisco,California,37,Seattle,10,US,5,NA,Executive Chef,Female
Stefan Richter,Stefan R.,"Tampere, Finland",Santa Monica,California,40,Seattle,10,US,6,NA,Chef/Owner,Male
Josie Smith-Malave,Josie S.-M.,"Miami, Florida",San Francisco,California,37,Seattle,10,US,7,POC,Chef,Female
Micah Fields,Micah F.,"Los Angeles, California",Los Angeles,California,28,Seattle,10,US,8,POC,Executive Chef,Male
John Tesar,John T.,"New York, New York",Dallas,Texas,54,Seattle,10,US,9,NA,Chef/Owner,Male
Bart Vandaele,Bart V.,"Roeselare, Belgium",Washington,D.C.,42,Seattle,10,US,10,NA,Chef/Owner,Male
Danyele McPherson,Danyele M.,"Waynesville, North Carolina",Dallas,Texas,31,Seattle,10,US,11,NA,Sous Chef,Female
Eliza Gavin,Eliza G.,"Telluride, Colorado",Telluride,Colorado,38,Seattle,10,US,12,NA,Chef/Owner,Female
Chris Jacobson,CJ J.,"El Toro, California",Studio City,California,36,Seattle,10,US,13,NA,Executive Chef,Male
Tyler Wiard,Tyler W.,"Colorado, Colorado",Colorado,Colorado,41,Seattle,10,US,13,NA,Executive Chef/Culinary Director,Male
Carla Pellegrino,Carla P.,"Rio de Janeiro, Brazil",Las Vegas,Nevada,43,Seattle,10,US,15,NA,Chef/Owner,Female
Chrissy Camba,Chrissy C.,"Chicago, Illinois",Chicago,Illinois,31,Seattle,10,US,15,POC,Chef,Female
Kuniko Yagi,Kuniko Y.,"Maebashi, Japan",Los Angeles,California,35,Seattle,10,US,17,POC,Executive Chef,Female
Jeffrey Jew,Jeffrey J.,"Washington, D.C.",St. Petersburg,Florida,34,Seattle,10,US,18,POC,Chef de Cuisine,Male
Paul Qui,Paul Q.,NA,Austin,Texas,31,Texas,9,US,1,POC,Executive Chef,Male
Sarah Grueneberg,Sarah G.,NA,Chicago,Illinois,29,Texas,9,US,2,NA,Executive Chef,Female
Lindsay Autry,Lindsay A.,NA,West Palm Beach,Florida,29,Texas,9,US,3,NA,Executive Chef,Female
Beverly Kim,Beverly K.,NA,Chicago,Illinois,32,Texas,9,US,4,POC,Chef de Cuisine,Female
Edward Lee,Edward L.,NA,Louisville,Kentucky,38,Texas,9,US,5,POC,Chef/Owner,Male
Grayson Schmitz,Grayson S.,NA,New York,New York,28,Texas,9,US,6,NA,Chef de Cuisine,Female
Chris Jones,Chris J.,NA,Chicago,Illinois,30,Texas,9,US,7,NA,Chef de Cuisine,Male
Ty-Lor Boring,Ty-Lor B.,NA,Brooklyn,New York,34,Texas,9,US,8,NA,Chef de Cuisine,Male
Chris Crary,Chris C.,NA,Los Angeles,California,29,Texas,9,US,9,NA,Chef de Cuisine,Male
Heather Terhune,Heather T.,NA,Chicago,Illinois,39,Texas,9,US,10,NA,Executive Chef,Female
Dakota Weiss,Dakota W.,NA,Los Angeles,California,35,Texas,9,US,11,NA,Executive Chef,Female
Nyesha Arrington,Nyesha A.,NA,Los Angeles,California,28,Texas,9,US,11,POC,Executive Chef,Female
Whitney Otawka,Whitney O.,NA,Cumberland Island,Georgia,30,Texas,9,US,13,NA,Executive Chef,Female
Chuy Valencia,Chuy V.,NA,Chicago,Illinois,25,Texas,9,US,14,POC,Chef/Owner,Male
Richie Farina,Richie F.,NA,Chicago,Illinois,28,Texas,9,US,15,NA,Sous Chef,Male
Keith Rhodes,Keith R.,NA,Wilmington,North Carolina,39,Texas,9,US,16,POC,Chef/Owner,Male
Govind Armstrong,Govind Armstrong,NA,Los Angeles,California,NA,Masters Season 2,2,US Masters,17,POC,NA,Male
Jody Adams,Jody Adams,NA,Cambridge,Massachussetts,NA,Masters Season 2,2,US Masters,7,NA,NA,Female
Carmen Gonzalez,Carmen Gonzalez,NA,New York,New York,NA,Masters Season 2,2,US Masters,8,POC,NA,Female
Jerry Traunfeld,Jerry Traunfeld,NA,Seattle,Washington,NA,Masters Season 2,2,US Masters,9,NA,NA,Male
Ana Sortun,Ana Sortun,NA,Cambridge,Massachussets,NA,Masters Season 2,2,US Masters,10,NA,NA,Female
Wylie Dufresne,Wylie Dufresne,NA,New York,New York,NA,Masters Season 2,2,US Masters,11,NA,NA,Male
Maria Hines,Maria Hines,NA,Seattle,Washington,NA,Masters Season 2,2,US Masters,12,NA,NA,Female
Graham Elliot Bowles,Graham Elliot,NA,Chicago,Illinois,NA,Masters Season 2,2,US Masters,13,NA,NA,Male
Rick Tramanto,Rick Tramanto,NA,Chicago,Illinois,NA,Masters Season 2,2,US Masters,14,NA,NA,Male
Monica Pope,Monica Pope,NA,Houston,Texas,NA,Masters Season 2,2,US Masters,15,NA,NA,Female
Jimmy Bradley,Jimmy Bradley,NA,New York,New York,NA,Masters Season 2,2,US Masters,16,NA,NA,Male
Ludo Lefebvre,Ludo Lefebvre,NA,Los Angeles,California,NA,Masters Season 2,2,US Masters,18,NA,NA,Male
Thierry Rautureau,Thierry Rautureau,NA,Seattle,Washington,NA,Masters Season 2,2,US Masters,19,NA,NA,Male
Debbie Gold,Debbie Gold,NA,Kansas City,Missouri,NA,Masters Season 2,2,US Masters,20,NA,NA,Female
David Burke,David Burke,NA,New York,New York,NA,Masters Season 2,2,US Masters,21,NA,NA,Male
Mark Peel,Mark Peel,NA,Los Angeles,California,NA,Masters Season 2,2,US Masters,22,NA,NA,Male
Jonathan Waxman,Jonathan Waxman,NA,New York,New York,NA,Masters Season 2,2,US Masters,4,NA,NA,Male
Marcus Samuelsson,Marcus Samuelsson,NA,New York,New York,NA,Masters Season 2,2,US Masters,1,POC,NA,Male
Rick Moonen,Rick Moonen,NA,Las Vegas,Nevada,NA,Masters Season 2,2,US Masters,2,NA,NA,Male
Susan Feniger,Susan Feniger,NA,Los Angeles,California,NA,Masters Season 2,2,US Masters,5,NA,NA,Female
Susur Lee,Susar Lee,NA,New York,New York,NA,Masters Season 2,2,US Masters,2,POC,NA,Male
Tony Montuano,Tony Montuano,NA,Chicago,Illinois,NA,Masters Season 2,2,US Masters,6,NA,NA,Male
John Currence,John Currence,NA,Oxford,Mississippi,NA,Masters Season 3,3,US Masters,10,NA,NA,Male
Suvir Saran,Suvir Saran,NA,New York,New York,NA,Masters Season 3,3,US Masters,9,POC,NA,Male
John Rivera Sedlar,John Rivera Sedlar,NA,Los Angeles,California,NA,Masters Season 3,3,US Masters,12,NA,NA,Male
Alex Stratta,Alex Stratta,NA,Las Vegas,Nevada,NA,Masters Season 3,3,US Masters,7,NA,NA,Male
Mary Sue Milliken,Mary Sue Milliken,NA,Los Angeles,California,NA,Masters Season 3,3,US Masters,2,NA,NA,Female
Traci Des Jardins,Traci Des Jardins,NA,San Francisco,California,NA,Masters Season 3,3,US Masters,2,NA,NA,Female
Naomi Pomeroy,Naomi Pomeroy,NA,Portland,Oregon,NA,Masters Season 3,3,US Masters,4,NA,NA,Female
Hugh Acheson,Hugh Acheson,NA,Athens,Georgia,NA,Masters Season 3,3,US Masters,5,NA,NA,Male
Celina Tio,Celina Tio,NA,Kansas City,Missouri,NA,Masters Season 3,3,US Masters,6,POC,NA,Female
George Mendes,George Mendes,NA,New York,New York,NA,Masters Season 3,3,US Masters,8,POC,NA,Male
Floyd Cardoz,Floyd Cardoz,NA,New York,New York,NA,Masters Season 3,3,US Masters,1,POC,NA,Male
Sue Zemanick,Sue Zemanick,NA,New Orleans,Lousiana,NA,Masters Season 3,3,US Masters,11,NA,NA,Female
Samuel Albert,Samuel Albert,"Soucelles, France",Angers,France,NA,World All Stars,20,US,16,NA,Owner,Male
Luciana Berry,Luciana Berry,"Salvador, Bahi, Brazil",London,England,NA,World All Stars,20,US,13,POC,Chef/Owner,Female
Sara Bradley,Sara B.,Paducah,Paducah,Kentucky,NA,World All Stars,20,US,2,NA,Executive Chef/Proprietor,Female
Dawn Burrell,Dawn B.,"Philadelphia, Pennsylvania",Houston,Texas,NA,World All Stars,20,US,15,POC,Executive Chef/Owner,Female
Ali Ghzawi,Ali Ghzawi,"Irbid, Jordan",Amman,Jordan,NA,World All Stars,20,US,4,POC,Chef/Patron,Male
Tom Goetter,Tom Goetter,"Mainz, Germany",NA,Germany,NA,World All Stars,20,US,5,NA,Director of Food & Beverage,Male
Nicole Gomes,Nicole Gomes,"Richmond, British Columbia",Vancouver,British Columbia,NA,World All Stars,20,US,8,POC,Chef/Co-founder,Female
Victoire Gouloubi,Victoire Gouloubi,"Brazzaville, Republic of the Congo",Milan,Italy,NA,World All Stars,20,US,7,POC,Private Chef/Consultant,Female
Charbel Hayek,Charbel Hayek,"Beirut, Lebanon",Lake Worth,Florida,25,World All Stars,20,US,9,POC,Private Chef/Consultant,Male
Kah-wai Lo,Buddha,"Port Douglas, Australia",Brooklyn,New York,NA,World All Stars,20,US,1,POC,Executive Chef,Male
Dale MacKay,Dale MacKay,"Saskatoon, Saskatchewan",Saskatoon,Saskatchewan,NA,World All Stars,20,US,10,NA,Chef/Co-owner,Male
May Phattanant Thongthong,May Phattanant Thongthong,"Chiang Mai, Thailand",Bangkok,Thailand,NA,World All Stars,20,US,14,POC,Executive Chef/Co-Partner,Female
Begona Rodrigo,Begona Rodrigo,"Valencia, Spain",Valencia,Spain,NA,World All Stars,20,US,12,NA,Owner,Female
Gabriel Rodriguez,Gabriel Rodriguez,"Iztapalapa, Mexico City",Madrid,Spain,NA,World All Stars,20,US,2,POC,Executive Chef,Male
Amar Santana,Amar S.,Dominican Republic / Queens,Santa Ana,California,NA,World All Stars,20,US,6,POC,Chef/Partner,Male
Sylwia Stachyra,Sylwia Stachyra,"Lublin, Poland",Lublin,Poland,NA,World All Stars,20,US,11,NA,Consultant/Cooking School Owner,Female
Clark Frasier,Clark Frasier,NA,Ogunquit,Maine,NA,Masters Season 4,4,US Masters,8,NA,NA,Male
Mark Gaier,Mark Gaier,NA,Ogunquit,Maine,NA,Masters Season 4,4,US Masters,9,NA,NA,Male
Debbie Gold,Debbie Gold,NA,Kansas City,Missouri,NA,Masters Season 4,4,US Masters,10,NA,NA,Female
Sue Torres,Sue Torres,NA,New York,New York,NA,Masters Season 4,4,US Masters,11,POC,NA,Female
Missy Robbins,Missy Robbins,NA,New York,New York,NA,Masters Season 4,4,US Masters,12,NA,NA,Female
Art Smith,Art Smith,NA,Atlanta,Georgia,NA,Masters Season 4,4,US Masters,6,NA,NA,Male
Chris Cosentino,Chris Cosentino,NA,San Francisco,California,NA,Masters Season 4,4,US Masters,1,NA,NA,Male
Kerry Heffernan,Kerry Heffernan,NA,New York,New York,NA,Masters Season 4,4,US Masters,2,NA,NA,Male
Lorena Garcia,Lorena Garcia,NA,Miami,Florida,NA,Masters Season 4,4,US Masters,3,POC,NA,Female
Patricia Yeo,Patricia Yeo,NA,Cambridge,Massachussetts,NA,Masters Season 4,4,US Masters,4,POC,NA,Female
Takashi Tagihashi,Takashi Tagihashi,NA,Chicago,Illinois,NA,Masters Season 4,4,US Masters,5,POC,NA,Male
Thierry Rautureau,Thierry Rautureau,NA,Seattle,Washington,NA,Masters Season 4,4,US Masters,7,NA,NA,Male
David Burke,David Burke,NA,New York,New York,NA,Masters Season 5,5,US Masters,4,NA,NA,Male
Lynn Crawford,Lynn Crawford,NA,Toronto,Ontario,NA,Masters Season 5,5,US Masters,8,NA,NA,Female
Bryan V.,Bryan V.,NA,Frederick,Maryland,NA,Masters Season 5,5,US Masters,2,NA,NA,Male
Sang Yoon,Sang Yoon,NA,Los Angeles,California,NA,Masters Season 5,5,US Masters,5,POC,NA,Male
Douglas Keane,Douglas Keane,NA,Sonoma Valley,California,NA,Masters Season 5,5,US Masters,1,NA,NA,Male
Neal Fraser,Neal Fraser,NA,Los Angeles,California,NA,Masters Season 5,5,US Masters,6,NA,NA,Male
Sue Zemanick,Sue Zemanick,NA,New Orleans,Louisiana,NA,Masters Season 5,5,US Masters,7,NA,NA,Female
Franklin Becker,Franklin Becker,NA,New York,New York,NA,Masters Season 5,5,US Masters,9,NA,NA,Male
Jenn Louis,Jenn Louis,NA,Portland,Oregon,NA,Masters Season 5,5,US Masters,11,NA,NA,Female
Odette Fada,Odette Fada,NA,New York,New York,NA,Masters Season 5,5,US Masters,10,NA,NA,Female
Richard Sandoval,Richard Sandoval,NA,Los Angeles,California,NA,Masters Season 5,5,US Masters,12,POC,NA,Male
Jennifer Jasinski,Jennifer Jasinski,NA,Colorado,Colorado,NA,Masters Season 5,5,US Masters,2,NA,NA,Female
Herb Wilson,Herb Wilson,NA,Las Vegas,Nevada,NA,Masters Season 5,5,US Masters,13,POC,NA,Male
