season,seasonNumber,series,overallEpisodeNumber,episode,episodeName,airDate,nCompetitors
Canada 6,6,Canada,60,1,The Next Wave,2018-04-08,11
Canada 6,6,Canada,61,2,The Chicken or the Immunity,2018-04-15,10
Canada 6,6,Canada,62,3,Que Rico,2018-04-22,9
Canada 6,6,Canada,63,4,Restaurant Wars,2018-04-29,8
Canada 6,6,Canada,64,5,Double Overtime,2018-05-06,8
Canada 6,6,Canada,65,6,That's a Lot of Dough,2018-05-13,6
Canada 6,6,Canada,66,7,Wine of the Tiger,2018-05-20,5
Canada 6,6,Canada,67,8,Finale Four Ways,2018-05-27,4
San Francisco,1,US,1,1,Who Deserves to Be Here?,2006-03-08,12
San Francisco,1,US,2,2,Food of Love,2006-03-15,11
San Francisco,1,US,3,3,Nasty Delights,2006-03-22,11
San Francisco,1,US,4,4,Food on the Fly,2006-03-29,9
San Francisco,1,US,5,5,Blind Confusion,2006-04-05,8
San Francisco,1,US,6,6,Guess Who's Coming to Dinner,2006-04-12,7
San Francisco,1,US,7,7,Restaurant Wars,2006-04-19,6
San Francisco,1,US,8,8,Wedding Bell Blues,2006-04-26,5
San Francisco,1,US,9,9,Napa's Finest,2006-05-03,4
San Francisco,1,US,10,10,Reunion,2006-05-10,12
San Francisco,1,US,11,11,Vegas Finale - Part 1,2006-05-17,3
San Francisco,1,US,12,12,Vegas Finale - Part 2,2006-05-24,2
Los Angeles,2,US,13,1,Into the Fire,2006-10-18,15
Los Angeles,2,US,14,2,Eastern Promise,2006-10-25,14
Los Angeles,2,US,15,3,Food for the People,2006-11-01,13
Los Angeles,2,US,16,4,Less is More,2006-11-08,12
Los Angeles,2,US,17,5,Social Service,2006-11-15,12
Los Angeles,2,US,18,6,Thanksgiving,2006-11-22,10
Los Angeles,2,US,19,7,The Raw and the Cooked,2006-12-06,9
Los Angeles,2,US,20,8,Holiday Spirit,2006-12-13,8
Los Angeles,2,US,21,9,Seven,2007-01-03,7
Los Angeles,2,US,22,10,Unhappy Customers (Restaurant Wars),2007-01-10,6
Los Angeles,2,US,23,11,Sense and Sensuality,2007-01-17,5
Los Angeles,2,US,24,12,"Hawaii Finale, Part 1",2007-01-24,4
Los Angeles,2,US,25,13,"Hawaii Finale, Part 2",2007-01-31,2
Miami,3,US,26,1,4-Star All-Stars,2007-06-06,8
Miami,3,US,27,2,First Impressions,2007-06-13,14
Miami,3,US,28,3,Sunny Delights,2007-06-20,14
Miami,3,US,29,4,Family Favorites,2007-06-27,13
Miami,3,US,30,5,Cooking By Numbers,2007-07-11,12
Miami,3,US,31,6,Latin Lunch,2007-07-18,11
Miami,3,US,32,7,Watch What Happens Special,2007-07-25,12
Miami,3,US,33,8,Freezer Burn,2007-08-01,10
Miami,3,US,34,9,Guilty Pleasures,2007-08-08,9
Miami,3,US,35,10,Restaurant Wars,2007-08-15,8
Miami,3,US,36,11,Second Helping,2007-08-22,8
Miami,3,US,37,12,Chef Overboard,2007-09-05,7
Miami,3,US,38,13,Snacks on a Plane,2007-09-12,6
Miami,3,US,39,14,Manhattan Project,2007-09-19,5
Miami,3,US,40,15,"Finale, Part 1",2007-09-26,4
Miami,3,US,41,16,"Finale, Part 2",2007-10-03,3
Miami,3,US,42,17,Reunion,2007-10-10,14
Miami,3,US,43,18,Top Chef Holiday Special,2007-12-06,14
Chicago,4,US,44,1,"Anything You Can Cook, I Can Cook Better",2008-03-12,16
Chicago,4,US,45,2,Zoo Food,2008-03-19,15
Chicago,4,US,46,3,Block Party,2008-03-26,14
Chicago,4,US,47,4,Film Food,2008-04-02,13
Chicago,4,US,48,5,The Elements,2008-04-09,12
Chicago,4,US,49,6,Tailgating,2008-04-16,11
Chicago,4,US,50,7,Improv,2008-04-23,10
Chicago,4,US,51,8,Common Threads,2008-04-30,9
Chicago,4,US,52,9,Wedding Wars,2008-05-07,8
Chicago,4,US,53,10,Serve and Protect,2008-05-14,7
Chicago,4,US,54,11,Restaurant Wars,2008-05-21,6
Chicago,4,US,55,12,High Steaks,2008-05-28,5
Chicago,4,US,56,13,Puerto Rico,2008-06-04,4
Chicago,4,US,57,14,Finale,2008-06-11,3
New York,5,US,59,1,Melting Pot,2008-11-12,17
New York,5,US,60,2,Show Your Craft,2008-11-19,15
New York,5,US,61,3,A Foo Fighters Thanksgiving,2008-11-26,14
New York,5,US,62,4,Today Show,2008-12-03,13
New York,5,US,63,5,Gail's Bridal Shower,2008-12-10,12
New York,5,US,64,6,12 Days of Christmas,2008-12-17,11
New York,5,US,65,7,Focus Group,2009-01-07,11
New York,5,US,66,8,Down on the Farm,2009-01-14,9
New York,5,US,67,9,Restaurant Wars,2009-01-21,8
New York,5,US,68,10,Super Bowl Chef Showdown,2009-01-28,7
New York,5,US,69,11,Le Bernardin,2009-02-04,6
New York,5,US,70,12,The Last Supper,2009-02-11,5
New York,5,US,71,13,Finale - Part I,2009-02-18,5
New York,5,US,72,14,Finale - Part II,2009-02-25,3
New York,5,US,73,15,What What Happens Reunion,2009-03-04,17
Las Vegas,6,US,74,1,Sin City Vice,2009-08-19,17
Las Vegas,6,US,75,2,Bachelor/ette Party,2009-08-26,16
Las Vegas,6,US,76,3,Thunderbirds,2009-09-02,15
Las Vegas,6,US,77,4,Vivre Las Vegas,2009-09-01,14
Las Vegas,6,US,78,5,Camping,2009-09-16,12
Las Vegas,6,US,79,6,Penn & Teller,2009-09-23,11
Las Vegas,6,US,80,7,Dinner Party,2009-10-07,10
Las Vegas,6,US,81,8,Pigs and Pinot,2009-10-14,9
Las Vegas,6,US,82,9,Restaurant Wars,2009-10-21,8
Las Vegas,6,US,83,10,Meat Natalie,2009-10-28,7
Las Vegas,6,US,84,11,Top Chef All-Stars Dinner,2009-11-04,11
Las Vegas,6,US,85,12,Strip Around the World,2009-11-11,6
Las Vegas,6,US,86,13,Culinary Olympics,2009-11-18,5
Las Vegas,6,US,87,14,"Napa Finale, Part I",2009-12-02,4
Las Vegas,6,US,88,15,"Napa Finale, Part II",2009-12-09,3
Las Vegas,6,US,89,16,Watch What Happens Reunion,2009-12-16,17
D.C.,7,US,90,1,House of Chef-presentatives,2010-06-16,17
D.C.,7,US,91,2,Outside the Lunchbox,2010-06-23,16
D.C.,7,US,92,3,Capitol Grill,2010-06-30,15
D.C.,7,US,93,4,Room Service,2010-07-07,14
D.C.,7,US,94,5,Farm Policy,2010-07-14,12
D.C.,7,US,95,6,Cold War,2010-07-21,11
D.C.,7,US,96,7,Power Lunch,2010-07-28,10
D.C.,7,US,97,8,Foreign Affairs,2010-08-04,9
D.C.,7,US,98,9,Restaurant Wars,2010-08-11,8
D.C.,7,US,99,10,Covert Cuisine,2010-08-18,7
D.C.,7,US,100,11,Making Concessions,2010-08-25,6
D.C.,7,US,101,12,Gastro-nauts,2010-09-01,5
D.C.,7,US,102,13,Finale Part I,2010-09-08,4
D.C.,7,US,103,14,Finale Part II,2010-09-15,3
D.C.,7,US,104,15,Reunion,2010-09-22,17
All Stars: New York,8,US,105,1,History Never Repeats,2010-12-01,18
All Stars: New York,8,US,106,2,Night at the Museum,2010-12-08,17
All Stars: New York,8,US,107,3,New York's Finest,2010-12-15,16
All Stars: New York,8,US,108,4,Advantage Chef,2010-12-22,14
All Stars: New York,8,US,109,5,Dim Sum Lose Some,2011-01-05,13
All Stars: New York,8,US,110,6,We're Gonna Need a Bigger Boat,2011-01-12,12
All Stars: New York,8,US,111,7,Restaurant Wars: One Night Only,2011-01-19,10
All Stars: New York,8,US,112,8,An Offer They Can't Refuse,2011-02-02,9
All Stars: New York,8,US,113,9,Feeding Fallon,2011-02-09,8
All Stars: New York,8,US,114,10,Lock Down,2011-02-16,7
All Stars: New York,8,US,115,11,For the Gulf,2011-02-23,6
All Stars: New York,8,US,116,12,Give Me Your Huddled Masses,2011-03-02,5
All Stars: New York,8,US,117,13,Fit for a King,2011-03-09,5
All Stars: New York,8,US,118,14,Island Fever,2011-03-16,4
All Stars: New York,8,US,119,15,Last Supper,2011-03-23,3
All Stars: New York,8,US,120,16,Finale,2011-03-30,2
All Stars: New York,8,US,121,17,Reunion,2011-04-06,18
Texas,9,US,122,1,Everything's Bigger in Texas,2011-11-02,29
Texas,9,US,123,2,The Heat Is On,2011-11-09,25
Texas,9,US,124,3,Quinceanera,2011-11-16,16
Texas,9,US,125,4,Red Hot Chili Cook-Off,2011-11-23,15
Texas,9,US,126,5,Don't Be Tardy for the Dinner Party,2011-11-30,14
Texas,9,US,127,6,Higher Steaks,2011-12-07,13
Texas,9,US,128,7,Game On,2011-12-14,12
Texas,9,US,129,8,Tribute Dinner,2011-12-21,10
Texas,9,US,130,9,BBQ Pit Wars,2012-01-04,9
Texas,9,US,131,10,Restaurant Wars,2012-01-11,8
Texas,9,US,132,11,Fit for an Evil Queen,2012-01-18,7
Texas,9,US,133,12,Block Party,2012-01-25,6
Texas,9,US,134,13,"Bike, Borrow, & Steal",2012-02-01,5
Texas,9,US,135,14,Mentors at Work?,2012-02-08,5
Texas,9,US,136,15,Culinary Games,2012-02-15,4
Texas,9,US,137,16,Fire and Ice,2012-02-22,3
Texas,9,US,138,17,Finale,2012-02-29,2
Seattle,10,US,140,1,The Ultimate Chef Test,2012-11-07,24
Seattle,10,US,141,2,A Shock at the Space Needle,2012-11-14,18
Seattle,10,US,142,3,Tom vs. Emeril: Turkeypocalypse,2012-11-21,17
Seattle,10,US,143,4,50s Food Flashback,2012-11-28,16
Seattle,10,US,144,5,Pike Place Pickle,2012-12-05,14
Seattle,10,US,145,6,Even the Famous Come Home,2012-12-12,12
Seattle,10,US,146,7,Foiled Again,2012-12-19,11
Seattle,10,US,147,8,Jalapeno Business,2012-12-26,10
Seattle,10,US,148,9,Past Suppers,2013-01-02,9
Seattle,10,US,149,10,Battle Before the War,2013-01-09,8
Seattle,10,US,150,11,Restaurant Wars,2013-01-16,7
Seattle,10,US,151,12,Wolfgang Clucks,2013-01-23,6
Seattle,10,US,152,13,Chefs at Sea,2013-01-30,5
Seattle,10,US,153,14,Kings of Alaska,2013-02-06,4
Seattle,10,US,154,15,Glacial Gourmand,2013-02-13,3
Seattle,10,US,155,16,Finale Part 1,2013-02-20,3
Seattle,10,US,156,17,Finale Part 2,2013-02-27,2
New Orleans,11,US,157,1,Soiree in the Swamp,2013-10-02,18
New Orleans,11,US,158,2,Rebuilding New Orleans,2013-10-09,17
New Orleans,11,US,159,3,Commander's Palace,2013-10-16,16
New Orleans,11,US,160,4,Captain Vietnam,2013-10-23,15
New Orleans,11,US,161,5,Lea Michele's Halloween Bash,2013-10-30,14
New Orleans,11,US,162,6,"Campfires, Cream Cheese, and Countryside",2013-11-06,13
New Orleans,11,US,163,7,Jazz Hands,2013-11-13,12
New Orleans,11,US,164,8,Piggin' Out,2013-11-20,11
New Orleans,11,US,165,9,Restaurant Wars,2013-12-04,10
New Orleans,11,US,166,10,Like Mama Made,2013-12-11,9
New Orleans,11,US,167,11,Giving it the College Try,2013-12-18,8
New Orleans,11,US,168,12,Mississippi Mud Bugs,2014-01-01,7
New Orleans,11,US,169,13,Oui Si a Challenge,2014-01-08,6
New Orleans,11,US,170,14,Po' Boy Smackdown,2014-01-15,5
New Orleans,11,US,171,15,Leaving New Orleans,2014-01-22,4
New Orleans,11,US,172,16,Maui Wowie,2014-01-29,4
New Orleans,11,US,173,17,Finale,2014-02-05,2
Boston,12,US,174,1,Sudden Death,2014-10-15,16
Boston,12,US,175,2,Boston's Bravest and Finest,2014-10-22,14
Boston,12,US,176,3,The Curse of the Bambino,2014-10-29,13
Boston,12,US,177,4,12 Chefs Walk Into a Bar,2014-11-05,12
Boston,12,US,178,5,It's War,2014-11-12,10
Boston,12,US,179,6,The First Thanksgiving,2014-11-19,9
Boston,12,US,180,7,Restaurant Wars,2014-12-03,8
Boston,12,US,181,8,Clean Up in Aisle 2!,2014-12-10,7
Boston,12,US,182,9,Big Sausage,2014-12-17,6
Boston,12,US,183,10,For Julia and Jacques,2015-01-07,5
Boston,12,US,184,11,Sous Your Daddy,2015-01-14,4
Boston,12,US,185,12,The Final Battle of Bean Town,2015-01-21,4
Boston,12,US,186,13,Getting Prickly in Mexico,2015-01-28,4
Boston,12,US,187,14,Holy Escamoly,2015-02-04,3
Boston,12,US,188,15,Mano a Mano,2015-02-11,2
California,13,US,189,1,Stop the Presses,2015-12-02,17
California,13,US,190,2,Pop Up Pandemonium,2015-12-03,16
California,13,US,191,3,Spines and Vines,2015-12-10,15
California,13,US,192,4,It's a Dry Heat,2015-12-17,14
California,13,US,193,5,Big Gay Wedding,2016-01-07,13
California,13,US,194,6,Banannaise,2016-01-14,12
California,13,US,195,7,Back in the Day,2016-01-21,10
California,13,US,196,8,Where's the Beef?,2016-01-28,9
California,13,US,197,9,"Restaurant Wars, Part 1",2016-02-04,8
California,13,US,198,10,"Restaurant Wars, Part 2",2016-02-11,8
California,13,US,199,11,Hammer Time,2016-02-18,7
California,13,US,200,12,Wok This Way,2016-02-25,6
California,13,US,201,13,Where It All Started,2016-03-03,4
California,13,US,202,14,Magic Hour,2016-03-20,4
California,13,US,203,15,Finale,2016-03-17,2
Charleston,14,US,204,1,"Something Old, Something New",2016-12-01,16
Charleston,14,US,205,2,Southern Hospitality,2016-12-08,15
Charleston,14,US,206,3,Choke Holds and Clammy Hands,2016-12-15,14
Charleston,14,US,207,4,The Feast of Seven Trash Fishes,2016-12-22,13
Charleston,14,US,208,5,Smoke 'em if you Got 'em,2019-12-29,12
Charleston,14,US,209,6,A Southern Legend,2017-01-05,11
Charleston,14,US,210,7,Booty,2017-01-12,10
Charleston,14,US,211,8,Restaurant Wars,2017-01-19,8
Charleston,14,US,212,9,For the Kids,2017-01-26,7
Charleston,14,US,213,10,Shrimp Boats and Hat Ladies,2017-02-02,6
Charleston,14,US,214,11,"Adios Charleston, Hello James Beard",2017-02-09,4
Charleston,14,US,215,12,Cooking Away in Margaritaville,2017-02-16,4
Charleston,14,US,216,13,Trial by Fire,2017-02-23,3
Charleston,14,US,217,14,Comida Final,2017-03-02,2
Colorado,15,US,218,1,It'll Take More than Pot Luck,2017-12-07,15
Colorado,15,US,219,2,Smile and Say Mise,2017-12-14,14
Colorado,15,US,220,3,Keep on Truckin',2017-12-21,13
Colorado,15,US,221,4,"Little Tools, Big Challenge",2017-12-28,11
Colorado,15,US,222,5,This is Not Glamping,2018-01-04,12
Colorado,15,US,223,6,Now That's a Lot of Schnitzel,2018-01-11,11
Colorado,15,US,224,7,Olympic Dreams,2018-01-18,9
Colorado,15,US,225,8,Restaurant Wars,2018-01-25,8
Colorado,15,US,226,9,Bronco Brouhaha,2018-02-01,7
Colorado,15,US,227,10,Red Rum and Then Some,2018-02-08,6
Colorado,15,US,228,11,Cooking High,2018-02-15,5
Colorado,15,US,229,12,Sunday Supper,2018-02-22,4
Colorado,15,US,230,13,A Little Place Called Aspen,2018-03-01,3
Colorado,15,US,231,14,Finale,2018-03-08,2
Kentucky,16,US,232,1,The Fastest Two Minutes in Cooking,2018-12-06,15
Kentucky,16,US,233,2,"Bourbon, Barrels and Burgoo",2018-12-13,14
Kentucky,16,US,234,3,Naughty and Nice,2018-12-20,13
Kentucky,16,US,235,4,Surprise...It's Restaurant Wars,2018-12-27,12
Kentucky,16,US,236,5,Restaurant Wars Part 2,2019-01-03,12
Kentucky,16,US,237,6,Roaring Munchies,2019-01-10,11
Kentucky,16,US,238,7,Carne!,2019-01-17,10
Kentucky,16,US,239,8,Whatever Floats Your Boat,2019-01-24,9
Kentucky,16,US,240,9,Music City USA,2019-01-31,8
Kentucky,16,US,241,10,Hoop Dreams,2019-02-07,7
Kentucky,16,US,242,11,The Greatest,2019-02-14,6
Kentucky,16,US,243,12,Kentucky Farewell,2019-02-21,6
Kentucky,16,US,244,13,Holy Macau!,2019-02-28,5
Kentucky,16,US,245,14,The Tao of Macau,2019-03-07,4
Kentucky,16,US,246,15,Finale,2019-03-14,3
All-Stars L.A.,17,US,247,1,It's Like They Never Left!,2020-03-19,15
All-Stars L.A.,17,US,248,2,The Jonathan Gold Standard,2020-03-26,14
All-Stars L.A.,17,US,249,3,Strokes of Genius,2020-04-02,13
All-Stars L.A.,17,US,250,4,You're So Fresh!,2020-04-09,12
All-Stars L.A.,17,US,251,5,Bring Your Loved One to Work,2020-04-16,11
All-Stars L.A.,17,US,252,6,Get Your Phil,2020-04-23,10
All-Stars L.A.,17,US,253,7,Pitch Perfect,2020-04-30,9
All-Stars L.A.,17,US,254,8,Restaurant Wars,2020-05-07,8
All-Stars L.A.,17,US,255,9,Cabin Fever,2020-05-14,7
All-Stars L.A.,17,US,256,10,Colossal Coliseum Kaiseki,2020-05-21,6
All-Stars L.A.,17,US,257,11,Michael's Santa Monica,2020-05-28,6
All-Stars L.A.,17,US,258,12,Lucca,2020-06-04,5
All-Stars L.A.,17,US,259,13,Parma,2020-06-11,4
All-Stars L.A.,17,US,260,14,Finito!,2020-06-18,3
Portland,18,US,261,1,First Impressions,2021-04-01,15
Portland,18,US,262,2,Trouble Brewing,2021-04-08,14
Portland,18,US,263,3,Pan African Portland,2021-04-15,13
Portland,18,US,264,4,Thrown for a Loop,2021-04-22,12
Portland,18,US,265,5,Meet You at the Drive-In,2021-04-29,11
Portland,18,US,266,6,Stumptown U.S.A.,2021-05-06,10
Portland,18,US,267,7,Feeding the Frontlines,2021-05-13,9
Portland,18,US,268,8,Restaurant Wars,2021-05-20,8
Portland,18,US,269,9,Portland-ia,2021-05-27,7
Portland,18,US,270,10,Tournament of Tofu,2021-06-03,6
Portland,18,US,271,11,Blind Ambitions,2021-06-10,5
Portland,18,US,272,12,The Cheesier the Better,2021-06-17,4
Portland,18,US,273,13,Shellfishly Delicious,2021-06-24,3
Portland,18,US,274,14,The Next Top Chef Is...,2021-07-01,3
Houston,19,US,275,1,Primal Instincts,2022-03-03,15
Houston,19,US,276,2,Friday Night Bites,2022-03-10,14
Houston,19,US,277,3,Noodles and Rice and Everything Nice,2022-03-17,13
Houston,19,US,278,4,Doppelgangers,2022-03-24,12
Houston,19,US,279,5,Don't Mess with BBQ,2022-03-31,10
Houston,19,US,280,6,Texas Trailblaze-hers,2022-04-07,10
Houston,19,US,281,7,Swallow the Competition,2022-04-14,9
Houston,19,US,282,8,Restaurant Wars,2022-04-21,8
Houston,19,US,283,9,Freedmen's Town,2022-04-28,7
Houston,19,US,284,10,Dinner in Zero Gravity,2022-05-05,6
Houston,19,US,285,11,Family Vacation,2022-05-12,6
Houston,19,US,286,12,We're on a Boat,2022-05-19,5
Houston,19,US,287,13,Cactus Makes Perfect,2022-05-26,4
Houston,19,US,288,14,The Final Plate,2022-06-02,3
World All Stars,20,US,289,1,London Calling,2023-03-09,16
World All Stars,20,US,290,2,"Rice Rice, Baby",2023-03-16,15
World All Stars,20,US,291,3,Cheeky Pints and Pub Bites,2023-03-23,14
World All Stars,20,US,292,4,Spurred Lines,2023-03-30,12
World All Stars,20,US,293,5,Holiday Vacation,2023-04-06,11
World All Stars,20,US,294,6,Top Chef is No Picnic,2023-04-13,11
World All Stars,20,US,295,7,Hands Off,2023-04-20,10
World All Stars,20,US,296,8,Street Food Fight,2023-04-27,9
World All Stars,20,US,297,9,Restaurant Wars,2023-05-04,8
World All Stars,20,US,298,10,Thali Time,2023-05-11,7
World All Stars,20,US,299,11,Battle of the Wellingtons,2023-05-18,6
World All Stars,20,US,300,12,"Goodbye, London!",2023-05-25,5
World All Stars,20,US,301,13,Champions in Paris,2023-06-01,4
World All Stars,20,US,302,14,Fin.,2023-06-08,3
Masters Season 1,1,US Masters,NA,1,Masters Get Schooled,2009-06-10,4
Masters Season 1,1,US Masters,NA,2,The Lost Supper,2009-06-17,4
Masters Season 1,1,US Masters,NA,3,Offal Tasty,2009-06-24,4
Masters Season 1,1,US Masters,NA,4,Magic Chefs,2009-07-08,4
Masters Season 1,1,US Masters,NA,5,Miniaturize Me,2009-07-15,4
Masters Season 1,1,US Masters,NA,6,Trick in a Box,2009-07-22,4
Masters Season 1,1,US Masters,NA,7,Champions Round Begins,2009-07-29,6
Masters Season 1,1,US Masters,NA,8,Dietary Restrictions,2009-08-05,5
Masters Season 1,1,US Masters,NA,9,Masters of Disaster,2009-08-12,4
Masters Season 1,1,US Masters,NA,10,Finale: Top Chef Master,2009-08-19,3
Masters Season 2,2,US Masters,NA,1,First Date Dinner,2010-04-07,6
Masters Season 2,2,US Masters,NA,2,It's My Party,2010-04-14,5
Masters Season 2,2,US Masters,NA,3,Pub Food,2010-04-21,6
Masters Season 2,2,US Masters,NA,4,Cast and Crew Meal,2010-04-28,5
Masters Season 2,2,US Masters,NA,5,Wedding Wars,2010-05-05,8
Masters Season 2,2,US Masters,NA,6,Scary Surf & Turf,2010-05-12,7
Masters Season 2,2,US Masters,NA,7,Tailgating,2010-05-19,6
Masters Season 2,2,US Masters,NA,8,Food of the Gods,2010-05-26,5
Masters Season 2,2,US Masters,NA,9,Improv,2010-06-02,4
Masters Season 2,2,US Masters,NA,10,Top Chef Master,2010-06-09,3
Masters Season 3,3,US Masters,NA,1,Restaurant Wars,2011-04-06,12
Masters Season 3,3,US Masters,NA,2,Everything Old is New Again,2011-04-13,11
Masters Season 3,3,US Masters,NA,3,Diners to Donors,2011-04-20,10
Masters Season 3,3,US Masters,NA,4,Biggest Loser,2011-04-27,9
Masters Season 3,3,US Masters,NA,5,Would You Like Fries with That?,2011-05-04,8
Masters Season 3,3,US Masters,NA,6,I'm With the Band,2011-05-11,7
Masters Season 3,3,US Masters,NA,7,Date Night,2011-05-18,6
Masters Season 3,3,US Masters,NA,8,Blinded Me with Science,2011-06-01,5
Masters Season 3,3,US Masters,NA,9,A Soldier's Story,2011-06-08,4
Masters Season 3,3,US Masters,NA,10,My Life as a Chef,2011-06-15,3
Masters Season 4,4,US Masters,NA,1,The Buffet Must Go On,2012-07-25,12
Masters Season 4,4,US Masters,NA,2,You May Now Feed the Bride,2012-08-01,10
Masters Season 4,4,US Masters,NA,3,What Would Brian Boitano Eat?,2012-08-08,9
Masters Season 4,4,US Masters,NA,4,Grand Canyon Cookout,2012-08-15,8
Masters Season 4,4,US Masters,NA,5,Holly Madison's Pool Party,2012-08-22,7
Masters Season 4,4,US Masters,NA,6,Thai One On,2012-08-29,6
Masters Season 4,4,US Masters,NA,7,Culinary Knock Out,2012-09-05,5
Masters Season 4,4,US Masters,NA,8,Foodie Flash Mob,2012-09-12,4
Masters Season 4,4,US Masters,NA,9,"Old School, New School",2012-09-19,3
Masters Season 4,4,US Masters,NA,10,Finale,2012-09-26,2
Masters Season 5,5,US Masters,NA,1,Sous Chefs and Skydives,2013-07-24,13
Masters Season 5,5,US Masters,NA,2,Asian Night Market,2013-07-31,12
Masters Season 5,5,US Masters,NA,3,"Sex, Greed, and Murder",2013-08-07,10
Masters Season 5,5,US Masters,NA,4,Curtis' Surprise Party,2013-08-14,9
Masters Season 5,5,US Masters,NA,5,Restaurant Wars,2013-08-21,8
Masters Season 5,5,US Masters,NA,6,Mindy Kaling and Yo Gabba Gabba,2013-08-28,7
Masters Season 5,5,US Masters,NA,7,Catch of the Day,2013-09-04,6
Masters Season 5,5,US Masters,NA,8,Lucha Vavoom,2013-09-11,5
Masters Season 5,5,US Masters,NA,9,Teacher Tribute,2013-09-18,4
Masters Season 5,5,US Masters,NA,10,Finale,2013-09-25,3
