season,seasonNumber,series,episode,challengeType,outcomeType,guestJudge,competedOnTC,otherShows
All Stars: New York,8,US,1,Quickfire,Team,Tom Colicchio,NA,Top Chef Judge
All Stars: New York,8,US,1,Elimination,Individual,Anthony Bourdain,NA,Parts Unknown; No Reservations
All Stars: New York,8,US,2,Quickfire,Individual,Joe Jonas,NA,NA
All Stars: New York,8,US,2,Elimination,Team,Katie Lee,NA,Beat Bobby Flay Judge
All Stars: New York,8,US,3,Quickfire,Team,David Chang,NA,NA
All Stars: New York,8,US,3,Elimination,Team,Anthony Bourdain,NA,Parts Unknown; No Reservations
All Stars: New York,8,US,3,Elimination,Team,Kate Krader,NA,NA
All Stars: New York,8,US,4,Quickfire,Individual,Tony Mantuano,NA,Top Chef Masters Season 2
All Stars: New York,8,US,4,Elimination,Team,Tony Mantuano,NA,Top Chef Masters Season 2
All Stars: New York,8,US,5,Quickfire,Individual,Tom Colicchio,NA,Top Chef Judge
All Stars: New York,8,US,5,Elimination,Individual,Susur Lee,NA,Top Chef Masters Season 2
All Stars: New York,8,US,6,Elimination,Team,Kerry Heffernan,NA,Top Chef Masters Season 4
All Stars: New York,8,US,7,Quickfire,Individual,Justo Thomas,NA,NA
All Stars: New York,8,US,7,Elimination,Team,Ludo Lefebvre,NA,Top Chef Masters Season 1 and 2
All Stars: New York,8,US,8,Quickfire,Individual,Isaac Mizrahi,NA,NA
All Stars: New York,8,US,8,Elimination,Individual,Anthony Bourdain,NA,Parts Unknown; No Reservations
All Stars: New York,8,US,8,Elimination,Individual,Lorraine Bracco,NA,NA
All Stars: New York,8,US,9,Elimination,Individual,Anthony Bourdain,NA,Parts Unknown; No Reservations
All Stars: New York,8,US,9,Elimination,Individual,Jimmy Fallon,NA,NA
All Stars: New York,8,US,10,Quickfire,Individual,Sesame St. characters,NA,NA
All Stars: New York,8,US,10,Elimination,Individual,Anthony Bourdain,NA,Parts Unknown; No Reservations
All Stars: New York,8,US,10,Elimination,Individual,Ming Tsai,NA,Tournament of Champions Judge
All Stars: New York,8,US,11,Quickfire,Individual,Paula Deen,NA,NA
All Stars: New York,8,US,11,Elimination,Individual,John Besh,NA,Top Chef Masters Season 1
All Stars: New York,8,US,11,Elimination,Individual,Paula Deen,NA,NA
All Stars: New York,8,US,12,Quickfire,Individual,Dan Barber,NA,NA
All Stars: New York,8,US,12,Elimination,Individual,Dan Barber,NA,NA
All Stars: New York,8,US,13,Quickfire,Individual,Eric Ripert,NA,Yes?
All Stars: New York,8,US,13,Quickfire,Individual,Tom Colicchio,NA,Top Chef Judge
All Stars: New York,8,US,13,Elimination,Individual,Eric Ripert,NA,Yes?
All Stars: New York,8,US,14,Quickfire,Team,Lorena Garcia,NA,Top Chef Masters Season 4
All Stars: New York,8,US,14,Elimination,Individual,Lorena Garcia,NA,Top Chef Masters Season 4
All Stars: New York,8,US,15,Quickfire,Individual,Wolfgang Puck,NA,NA
All Stars: New York,8,US,15,Elimination,Individual,Masaharu Morimoto,NA,NA
All Stars: New York,8,US,15,Elimination,Individual,Michelle Bernstein,NA,NA
All Stars: New York,8,US,15,Elimination,Individual,Wolfgang Puck,NA,NA
All Stars: New York,8,US,16,Elimination,Individual,Hubert Keller,NA,Top Chef Masters Runner-Up (Season 1)
All-Stars L.A.,17,US,1,Elimination,Team,Jeremiah Tower,NA,NA
All-Stars L.A.,17,US,2,Elimination,Individual,Ruth Reichl,NA,Top Chef Masters Season 3 Judge
All-Stars L.A.,17,US,3,Quickfire,Individual,Ali Wong,NA,NA
All-Stars L.A.,17,US,3,Quickfire,Individual,Randall Park,NA,NA
All-Stars L.A.,17,US,3,Elimination,Team,Ludo Lefebvre,NA,Top Chef Masters Season 1 and 2
All-Stars L.A.,17,US,4,Quickfire,Individual,Kelly Clarkson,NA,NA
All-Stars L.A.,17,US,4,Elimination,Team,Jeremy Fox,Yes,Sous Chef on Iron Chef: Quest for an Iron Legend
All-Stars L.A.,17,US,5,Quickfire,Individual,Nancy Silverton,NA,Tournament of Champions Judge
All-Stars L.A.,17,US,5,Elimination,Individual,Nancy Silverton,NA,Tournament of Champions Judge
All-Stars L.A.,17,US,6,Quickfire,Individual,Chris Bianco,NA,NA
All-Stars L.A.,17,US,6,Elimination,Team,Timothy Hollingsworth,NA,Tournament of Champions
All-Stars L.A.,17,US,7,Quickfire,Individual,Danny Trejo,NA,NA
All-Stars L.A.,17,US,7,Elimination,Individual,Kevin Boehm,NA,NA
All-Stars L.A.,17,US,7,Elimination,Individual,Stephanie Izard,Yes,Tournament of Champions
All-Stars L.A.,17,US,8,Elimination,Team,Kevin Boehm,NA,NA
All-Stars L.A.,17,US,8,Elimination,Team,Rob Katz,NA,NA
All-Stars L.A.,17,US,8,Elimination,Team,Stephanie Izard,Yes,Tournament of Champions
All-Stars L.A.,17,US,9,Quickfire,Individual,Kelsey Barnard Clark,Yes,Tournament of Champions
All-Stars L.A.,17,US,9,Elimination,Individual,Brooke Williamson,Yes,Tournament of Champions; Beachside Brawl
All-Stars L.A.,17,US,10,Quickfire,Individual,Sherry Yard,NA,NA
All-Stars L.A.,17,US,10,Elimination,Individual,Carole Iida-Nakayama,NA,NA
All-Stars L.A.,17,US,10,Elimination,Individual,Niki Nakayama,NA,NA
All-Stars L.A.,17,US,11,Quickfire,Individual,Jonathan Waxman,NA,"Top Chef Masters Season 1 and 2, and more as a Judge?"
All-Stars L.A.,17,US,11,Elimination,Individual,Michael McCarty,NA,NA
All-Stars L.A.,17,US,12,Quickfire,Individual,Filippo Saporito,NA,NA
All-Stars L.A.,17,US,12,Elimination,Individual,Cristiano Savini,NA,NA
All-Stars L.A.,17,US,12,Elimination,Individual,Cristiano Tomei,NA,NA
All-Stars L.A.,17,US,13,Elimination,Individual,Evan Funke,NA,NA
All-Stars L.A.,17,US,14,Elimination,Individual,Clare Smyth,NA,NA
All-Stars L.A.,17,US,14,Elimination,Individual,Dario Cecchini,NA,NA
All-Stars L.A.,17,US,14,Elimination,Individual,Hunter Lewis,NA,Yes?
All-Stars L.A.,17,US,14,Elimination,Individual,Janice Wong,NA,NA
All-Stars L.A.,17,US,14,Elimination,Individual,Marcus Samuelsson,NA,"Top Chef Masters Season 2, Chopped Judge, Tournament of Champions Judge"
All-Stars L.A.,17,US,14,Elimination,Individual,Mauro Colagreco,NA,NA
All-Stars L.A.,17,US,14,Elimination,Individual,Tony Mantuano,NA,Top Chef Masters Season 2
Boston,12,US,1,Sudden Death Quickfire,Team,Richard Blais,Yes,NA
Boston,12,US,1,Elimination,Individual,Richard Blais,Yes,NA
Boston,12,US,2,Quickfire,Individual,Todd English,NA,NA
Boston,12,US,2,Elimination,Team,Dante De Magistris,NA,NA
Boston,12,US,3,Sudden Death Quickfire,Individual,Ming Tsai,NA,Tournament of Champions Judge
Boston,12,US,3,Elimination,Individual,Ming Tsai,NA,Tournament of Champions Judge
Boston,12,US,4,Quickfire,Individual,George Wendt,NA,NA
Boston,12,US,4,Elimination,Team,Michael Schow,NA,Top Chef Masters Season 1
Boston,12,US,5,Quickfire,Individual,Jamie Bissonnette,NA,NA
Boston,12,US,5,Elimination,Team,Jamie Bissonnette,NA,NA
Boston,12,US,6,Quickfire,Team,Tiffani Faisson,Yes,"Chopped Judge, Tournament of Champions, Beachside Brawl"
Boston,12,US,6,Elimination,Individual,Ken Oringer,NA,NA
Boston,12,US,7,Elimination,Team,Barbara Lynch,NA,NA
Boston,12,US,8,Sudden Death Quickfire,Individual,Jasper White,NA,NA
Boston,12,US,8,Elimination,Individual,Richard Blais,Yes,NA
Boston,12,US,9,Quickfire,Individual,Rob Gronkowski,NA,NA
Boston,12,US,9,Elimination,Individual,Tony Maws,NA,NA
Boston,12,US,10,Quickfire,Individual,Andy Cohen,NA,Bravo shows
Boston,12,US,10,Quickfire,Individual,Dave Ansel,NA,NA
Boston,12,US,10,Elimination,Individual,Jacques Pepin,NA,NA
Boston,12,US,11,Elimination,Individual,Ashley Christensen,NA,NA
Boston,12,US,12,Quickfire,Individual,Wylie Dufresne,NA,Top Chef Masters Season 1 and 2
Boston,12,US,12,Elimination,Individual,Wylie Dufresne,NA,Top Chef Masters Season 1 and 2
Boston,12,US,13,Quickfire,Individual,Enrique Olvera,NA,NA
Boston,12,US,14,Quickfire,Individual,Enrique Farjeat,NA,NA
Boston,12,US,14,Elimination,Individual,Eduardo Calesuevos,NA,NA
California,13,US,2,Elimination,Team,Ludo Lefebvre,NA,Top Chef Masters Season 1 and 2
California,13,US,3,Sudden Death Quickfire,Individual,Dana Cowin,NA,NA
California,13,US,3,Elimination,Individual,Cat Cora,NA,Iron Chef
California,13,US,3,Elimination,Individual,Jon Shook,NA,NA
California,13,US,3,Elimination,Individual,Michael Cimarusti,NA,Top Chef Masters Season 1
California,13,US,3,Elimination,Individual,Suzanne Goin,NA,NA
California,13,US,3,Elimination,Individual,Vinny Dotolo,NA,NA
California,13,US,4,Quickfire,Individual,Jose Andres,NA,NA
California,13,US,4,Elimination,Team,John Besh,NA,Top Chef Masters Season 1
California,13,US,5,Quickfire,Individual,Chrissy Teigen,NA,NA
California,13,US,5,Elimination,Individual,Art Smith,NA,Top Chef Masters Seasons 1 and 4
California,13,US,6,Sudden Death Quickfire,Individual,Javier Plascencia,NA,NA
California,13,US,6,Elimination,Individual,Representative from Ballast Point Brewing Company,NA,NA
California,13,US,6,Elimination,Individual,Representative from Stone Brewing Co.,NA,NA
California,13,US,7,Quickfire,Individual,Antonia Lofaso,Yes,Tournament of Champions; Beachside Brawl; others
California,13,US,7,Elimination,Individual,Michael Voltaggio,Yes,Battle of the Brothers; Tournament of Champions; others
California,13,US,8,Elimination,Team,Chris Cosentino,NA,Top Chef Masters Season 4
California,13,US,9,Elimination,Team,Bill Chait,NA,NA
California,13,US,10,Elimination,Team,Bill Chait,NA,NA
California,13,US,11,Quickfire,Individual,MC Hammer,NA,NA
California,13,US,11,Elimination,Individual,Jonathan Waxman,NA,"Top Chef Masters Season 1 and 2, and more as a Judge?"
California,13,US,12,Quickfire,Individual,Martin Yan,NA,NA
California,13,US,12,Elimination,Individual,Adam Fleishman,NA,NA
California,13,US,13,Sudden Death Quickfire,Individual,Traci Des Jardins,NA,Top Chef Masters Season 3
California,13,US,13,Elimination,Individual,Hubert Keller,NA,Top Chef Masters Runner-Up (Season 1)
California,13,US,14,Quickfire,Individual,Rick Moonen,NA,Top Chef Masters Season 2
California,13,US,14,Elimination,Individual,David Copperfield,NA,NA
California,13,US,14,Elimination,Individual,Julian Serrano,NA,NA
Canada 6,6,Canada,2,Quickfire,Individual,Danny Bowien,NA,NA
Canada 6,6,Canada,2,Elimination,Individual,Lynn Crawford,NA,Top Chef Masters Season 5
Canada 6,6,Canada,3,Quickfire,Individual,Peter Meehan,NA,NA
Canada 6,6,Canada,3,Elimination,Individual,Carlos Gaytan,Yes,NA
Canada 6,6,Canada,4,Quickfire,Individual,Mark McEwan,NA,NA
Canada 6,6,Canada,4,Quickfire,Individual,Rob Gentile,NA,NA
Canada 6,6,Canada,4,Elimination,Team,Ruth Reichl,NA,Top Chef Masters Season 3 Judge
Canada 6,6,Canada,5,Quickfire,Individual,Brandon Olsen,NA,NA
Canada 6,6,Canada,5,Elimination,Team,Alexandra Feswick,NA,NA
Canada 6,6,Canada,6,Quickfire,Individual,Nicole Gomes,Top Chef Season 20,Top Chef Canada
Canada 6,6,Canada,6,Elimination,Individual,Evan Funke,NA,NA
Canada 6,6,Canada,7,Quickfire,Individual,Amanda Cohen,NA,NA
Canada 6,6,Canada,7,Elimination,Individual,Dustin Gallagher,NA,NA
Charleston,14,US,1,Sudden Death Quickfire,Individual,Graham Elliot,NA,"Top Chef Masters Season 1 and 2, Tournament of Champions, MasterChef"
Charleston,14,US,1,Sudden Death Quickfire,Individual,Graham Elliott,NA,"Top Chef Masters Season 1 and 2, Tournament of Champions, MasterChef"
Charleston,14,US,2,Elimination,Team,Frank Lee,NA,NA
Charleston,14,US,3,Quickfire,Team,Chris Cosentino,NA,Top Chef Masters Season 4
Charleston,14,US,3,Elimination,Team,Chris Cosentino,NA,Top Chef Masters Season 4
Charleston,14,US,4,Quickfire,Individual,Nilou Motamed,NA,NA
Charleston,14,US,4,Elimination,Team,Mike Lata,NA,NA
Charleston,14,US,5,Quickfire,Individual,John Currence,NA,Top Chef Masters Season 3
Charleston,14,US,5,Elimination,Team,Rodney Scott,NA,NA
Charleston,14,US,6,Quickfire,Individual,Dr. Vivek Murthy,NA,NA
Charleston,14,US,6,Elimination,Individual,Alexander Smalls,NA,NA
Charleston,14,US,7,Sudden Death Quickfire,Individual,Michael Cimarusti,NA,Top Chef Masters Season 1
Charleston,14,US,7,Elimination,Team,Graham Elliot,NA,"Top Chef Masters Season 1 and 2, Tournament of Champions, MasterChef"
Charleston,14,US,7,Elimination,Team,Michael Cimarusti,NA,Top Chef Masters Season 1
Charleston,14,US,8,Elimination,Team,Daniel Humm,NA,NA
Charleston,14,US,8,Elimination,Team,Will Guidara,NA,NA
Charleston,14,US,9,Quickfire,Individual,Michael Voltaggio,Yes,"Tournament of Champions, Battle of the Brothers"
Charleston,14,US,9,Elimination,Individual,Graham Elliot,NA,"Top Chef Masters Season 1 and 2, Tournament of Champions, MasterChef"
Charleston,14,US,9,Elimination,Individual,Michael Voltaggio,Yes,"Tournament of Champions, Battle of the Brothers"
Charleston,14,US,10,Sudden Death Quickfire,Individual,Tom Colicchio,NA,Top Chef Judge
Charleston,14,US,10,Elimination,Individual,Dominique Ansel,NA,NA
Charleston,14,US,11,Quickfire,Individual,Michael Solomonov,NA,NA
Charleston,14,US,11,Elimination,Individual,Sean Brock,NA,NA
Charleston,14,US,12,Quickfire,Individual,Francisco Ruano,NA,NA
Charleston,14,US,12,Elimination,Individual,Ray Garcia,NA,NA
Charleston,14,US,13,Quickfire,Individual,Ricardo Munoz Zurita,NA,NA
Charleston,14,US,13,Elimination,Individual,Graham Elliot,NA,"Top Chef Masters Season 1 and 2, Tournament of Champions, MasterChef"
Charleston,14,US,13,Elimination,Individual,Jeremiah Tower,NA,NA
Charleston,14,US,14,Elimination,Individual,Graham Elliott,NA,"Top Chef Masters Season 1 and 2, Tournament of Champions, MasterChef"
Charleston ,14,US,14,Elimination,Individual,Graham Elliot,NA,"Top Chef Masters Season 1 and 2, Tournament of Champions, MasterChef"
Chicago,4,US,1,Quickfire,Individual,Rocco DiSpirito,NA,Tournament of Champions Judge & Contestant
Chicago,4,US,1,Elimination,Individual,Anthony Bourdain,NA,Parts Unknown; No Reservations
Chicago,4,US,2,Quickfire,Individual,Wylie Dufresne,NA,Top Chef Masters Season 1 and 2
Chicago,4,US,2,Elimination,Team,Wylie Dufresne,NA,Top Chef Masters Season 1 and 2
Chicago,4,US,3,Quickfire,Individual,Rick Bayless,NA,Top Chef Masters Winner (Season 1)
Chicago,4,US,3,Elimination,Team,Rick Bayless,NA,Top Chef Masters Winner (Season 1)
Chicago,4,US,4,Quickfire,Individual,Daniel Boulud,NA,NA
Chicago,4,US,4,Elimination,Team,Daniel Boulud,NA,NA
Chicago,4,US,5,Quickfire,Individual,Ming Tsai,NA,Tournament of Champions Judge
Chicago,4,US,5,Elimination,Team,Ming Tsai,NA,Tournament of Champions Judge
Chicago,4,US,6,Quickfire,Individual,Koren Grieveson,NA,NA
Chicago,4,US,6,Elimination,Team,Paul Kahan,NA,NA
Chicago,4,US,7,Elimination,Team,Johnny Iuzzini,NA,NA
Chicago,4,US,8,Quickfire,Individual,Art Smith,NA,Top Chef Masters Seasons 1 and 4
Chicago,4,US,8,Elimination,Individual,Art Smith,NA,Top Chef Masters Seasons 1 and 4
Chicago,4,US,9,Quickfire,Team,Gale Gand,NA,NA
Chicago,4,US,9,Elimination,Team,Gale Gand,NA,NA
Chicago,4,US,10,Quickfire,Individual,Sam Talbot,Yes,NA
Chicago,4,US,10,Elimination,Individual,Sam Talbot,Yes,NA
Chicago,4,US,11,Quickfire,Individual,Haleen Thanas,NA,NA
Chicago,4,US,11,Elimination,Team,Anthony Bourdain,NA,Parts Unknown; No Reservations
Chicago,4,US,11,Elimination,Team,Jose Andres,NA,NA
Chicago,4,US,12,Quickfire,Individual,Rick Tramonto,NA,Top Chef Masters Season 2
Chicago,4,US,12,Elimination,Individual,Harold Dieterle,Yes,NA
Chicago,4,US,12,Elimination,Individual,Hung Huynh,Yes,NA
Chicago,4,US,12,Elimination,Individual,Ilan Hall,Yes,NA
Chicago,4,US,12,Elimination,Individual,Rick Tramonto,NA,Top Chef Masters Season 2
Chicago,4,US,13,Quickfire,Individual,Wilo Benet,NA,Top Chef Masters Season 1
Chicago,4,US,13,Elimination,Individual,Wilo Benet,NA,Top Chef Masters Season 1
Chicago,4,US,14,Elimination,Individual,Alfredo Ayala,NA,NA
Chicago,4,US,14,Elimination,Individual,April Bloomfield,NA,NA
Chicago,4,US,14,Elimination,Individual,Dan Barber,NA,NA
Chicago,4,US,14,Elimination,Individual,Eric Ripert,NA,Yes?
Chicago,4,US,14,Elimination,Individual,Ted Allen,NA,Chopped Host
Chicago,4,US,14,Elimination,Individual,Tim Zagat,NA,NA
D.C.,7,US,1,Elimination,Individual,Eric Ripert,NA,Yes?
D.C.,7,US,2,Quickfire,Team,Sam Kass,NA,NA
D.C.,7,US,2,Elimination,Team,Sam Kass,NA,NA
D.C.,7,US,3,Quickfire,Individual,Gail Simmons,NA,Top Chef: Just Desserts
D.C.,7,US,3,Quickfire,Individual,Johnny Iuzzini,NA,NA
D.C.,7,US,3,Elimination,Individual,Jonathan Waxman,NA,"Top Chef Masters Season 1 and 2, and more as a Judge?"
D.C.,7,US,4,Quickfire,Individual,Tom Colicchio,NA,Top Chef Judge
D.C.,7,US,4,Elimination,Team,Beth Scott,NA,NA
D.C.,7,US,4,Elimination,Team,Bryan Voltaggio,Yes,"Tournament of Champions, Battle of the Brothers, Top Chef Masters Season 5"
D.C.,7,US,4,Elimination,Team,Eric Ripert,NA,Yes?
D.C.,7,US,4,Elimination,Team,Mike Isabella,Yes,NA
D.C.,7,US,4,Elimination,Team,Nora Pouillon,NA,NA
D.C.,7,US,4,Elimination,Team,Spike Mendelsohn,Yes,NA
D.C.,7,US,5,Quickfire,Individual,Patrick O'Connell,NA,NA
D.C.,7,US,5,Elimination,Individual,Patrick O'Connell,NA,NA
D.C.,7,US,6,Quickfire,Individual,Michelle Bernstein,NA,NA
D.C.,7,US,6,Elimination,Team,Michelle Bernstein,NA,NA
D.C.,7,US,7,Quickfire,Individual,Aaron Schock,NA,NA
D.C.,7,US,7,Elimination,Individual,Art Smith,NA,Top Chef Masters Seasons 1 and 4
D.C.,7,US,7,Elimination,Individual,Art Smith,NA,Top Chef Masters Seasons 1 and 4
D.C.,7,US,8,Quickfire,Individual,Marcus Samuelsson,NA,"Top Chef Masters Season 2, Chopped Judge, Tournament of Champions Judge"
D.C.,7,US,8,Elimination,Individual,Jose Andres,NA,NA
D.C.,7,US,9,Quickfire,Team,Nancy Pelosi,NA,NA
D.C.,7,US,9,Elimination,Team,Frank Bruni,NA,NA
D.C.,7,US,10,Quickfire,Individual,Wylie Dufresne,NA,Top Chef Masters Season 1 and 2
D.C.,7,US,10,Elimination,Individual,Eric Ripert,NA,Yes?
D.C.,7,US,10,Elimination,Individual,Leon Panetta,NA,NA
D.C.,7,US,10,Elimination,Individual,Wylie Dufresne,NA,Top Chef Masters Season 1 and 2
D.C.,7,US,11,Quickfire,Individual,Rick Moonen,NA,Top Chef Masters Season 2
D.C.,7,US,11,Elimination,Individual,Eric Ripert,NA,Yes?
D.C.,7,US,11,Elimination,Individual,Rick Moonen,NA,Top Chef Masters Season 2
D.C.,7,US,12,Quickfire,Individual,Dana Cowin,NA,NA
D.C.,7,US,12,Elimination,Individual,Anthony Bourdain,NA,Parts Unknown; No Reservations
D.C.,7,US,12,Elimination,Individual,Eric Ripert,NA,Yes?
D.C.,7,US,13,Quickfire,Individual,Seto,NA,NA
D.C.,7,US,13,Elimination,Individual,Dana Cowin,NA,NA
D.C.,7,US,13,Elimination,Individual,Seto,NA,NA
D.C.,7,US,14,Elimination,Individual,Eric Ripert,NA,Yes?
Colorado,15,US,1,Quickfire,Individual,Gail Simmons,NA,Top Chef: Just Desserts
Colorado,15,US,1,Quickfire,Individual,Graham Elliot,NA,"Top Chef Masters Season 1 and 2, Tournament of Champions, MasterChef"
Colorado,15,US,1,Quickfire,Individual,Tom Colicchio,NA,Top Chef Judge
Colorado,15,US,2,Quickfire,Team,Troy Guard,NA,NA
Colorado,15,US,2,Elimination,Team,Alex Seidel,NA,NA
Colorado,15,US,3,Sudden Death Quickfire,Individual,Lachlan Mackinnon-Patterson,NA,Top Chef Masters Season 1
Colorado,15,US,3,Elimination,Team,Hosea Rosenberg,Yes,NA
Colorado,15,US,4,Quickfire,Individual,Curtis Stone,NA,Top Chef Masters Season 3 Host
Colorado,15,US,4,Elimination,Individual,Nilou Motamed,NA,NA
Colorado,15,US,5,Elimination,Individual,Naomi Pomeroy,NA,Top Chef Masters Season 3
Colorado,15,US,6,Quickfire,Individual,Richard Blais,Yes,NA
Colorado,15,US,6,Elimination,Individual,Keegan Gerhard,NA,NA
Colorado,15,US,7,Quickfire,Individual,Brooke Williamson,Yes,Tournament of Champions; Beachside Brawl
Colorado,15,US,7,Quickfire,Individual,Brooke Williamson,Yes,Tournament of Champions; Beachside Brawl
Colorado,15,US,8,Elimination,Team,Bruce Bromberg,NA,NA
Colorado,15,US,8,Elimination,Team,Eric and Bruce Bromberg,NA,NA
Colorado,15,US,8,Elimination,Team,Eric Bromberg,NA,NA
Colorado,15,US,9,Sudden Death Quickfire,Individual,David Kinch,NA,NA
Colorado,15,US,9,Elimination,Team,Adam Perry Lang,NA,NA
Colorado,15,US,10,Elimination,Individual,Frank Bonanno,NA,NA
Colorado,15,US,11,Quickfire,Individual,Wylie Dufresne,NA,Top Chef Masters Season 1 and 2
Colorado,15,US,11,Elimination,Individual,Paul Liebrandt,NA,NA
Colorado,15,US,11,Elimination,Individual,Wylie Dufresne,NA,Top Chef Masters Season 1 and 2
Colorado,15,US,12,Quickfire,Individual,Bryan Voltaggio,Yes,"Tournament of Champions, Battle of the Brothers, Top Chef Masters Season 5"
Colorado,15,US,12,Quickfire,Individual,Michael Voltaggio,Yes,"Tournament of Champions, Battle of the Brothers"
Colorado,15,US,12,Elimination,Individual,Bryan Voltaggio,Yes,"Tournament of Champions, Battle of the Brothers, Top Chef Masters Season 5"
Colorado,15,US,12,Elimination,Individual,Michael Voltaggio,Yes,"Tournament of Champions, Battle of the Brothers"
Colorado,15,US,13,Quickfire,Individual,Chris Cosentino,NA,Top Chef Masters Season 4
Colorado,15,US,13,Quickfire,Individual,Chris Cosentino,NA,Top Chef Masters Season 4
Colorado,15,US,13,Elimination,Individual,Daniel Boulud,NA,NA
Houston,19,US,1,Quickfire,Team,Dawn Burrell,Yes,NA
Houston,19,US,1,Elimination,Team,Kristen Kish,Yes,Iron Chef: Quest for an Iron Legend Host
Houston,19,US,1,Elimination,Team,Robert Del Grande,NA,NA
Houston,19,US,2,Quickfire,Individual,Irma Galvan,NA,NA
Houston,19,US,2,Elimination,Team,Brooke Williamson,Yes,Tournament of Champions; Beachside Brawl
Houston,19,US,2,Elimination,Team,Chris Shepherd,NA,NA
Houston,19,US,3,Elimination,Individual,Hung Huynh,Yes,NA
Houston,19,US,3,Elimination,Individual,Kiran Verma,NA,NA
Houston,19,US,4,Quickfire,Individual,Chris Williams,NA,NA
Houston,19,US,4,Elimination,Team,Melissa King,Yes,NA
Houston,19,US,4,Elimination,Team,Wylie Dufresne,NA,Top Chef Masters Season 1 and 2
Houston,19,US,5,Quickfire,Individual,Brooke Williamson,Yes,Tournament of Champions; Beachside Brawl
Houston,19,US,5,Quickfire,Individual,Brooke Williamson,Yes,Tournament of Champions; Beachside Brawl
Houston,19,US,5,Elimination,Individual,Brooke Williamson,Yes,Tournament of Champions; Beachside Brawl
Houston,19,US,5,Elimination,Individual,Greg Gatlin,NA,NA
Houston,19,US,6,Quickfire,Team,Kelsey Barnard Clark,Yes,Tournament of Champions
Houston,19,US,6,Quickfire,Team,Nini Nguyen,Yes,NA
Houston,19,US,6,Elimination,Individual,Christine Ha,NA,NA
Houston,19,US,6,Elimination,Individual,Tiffany Derry,Yes,Tournament of Champions
Houston,19,US,7,Quickfire,Individual,Kwame Onwuachi,Yes,NA
Houston,19,US,7,Quickfire,Individual,Ope Amosu,NA,NA
Houston,19,US,7,Elimination,Team,Joe Flamm,Yes,NA
Houston,19,US,7,Elimination,Team,Kwame Onwuachi,Yes,NA
Houston,19,US,8,Elimination,Team,Hunter Lewis,NA,Yes?
Houston,19,US,8,Elimination,Team,Tiffany Derry,Yes,Tournament of Champions
Houston,19,US,9,Quickfire,Individual,Nyesha Arrington,Yes,Tournament of Champions
Houston,19,US,9,Elimination,Individual,Dawn Burrell,Yes,NA
Houston,19,US,9,Elimination,Individual,Kwame Onwuachi,Yes,NA
Houston,19,US,10,Quickfire,Individual,Claudette Zepeda,Yes,NA
Houston,19,US,10,Quickfire,Individual,Claudette Zepeda,NA,NA
Houston,19,US,10,Elimination,Individual,Marcus Samuelsson,NA,"Top Chef Masters Season 2, Chopped Judge, Tournament of Champions Judge"
Houston,19,US,10,Elimination,Individual,Melissa King,Yes,NA
Houston,19,US,11,Quickfire,Individual,Shota Nakajima,Yes,NA
Houston,19,US,11,Elimination,Individual,Adrienne Cheatham,Yes,NA
Houston,19,US,11,Elimination,Individual,Sheldon Simeon,Yes,NA
Houston,19,US,12,Elimination,Individual,Daniel Boulud,NA,NA
Houston,19,US,12,Elimination,Individual,Stephanie Izard,Yes,Tournament of Champions
Houston,19,US,13,Quickfire,Individual,Carlotta Flores,NA,NA
Houston,19,US,13,Elimination,Individual,Carlotta Flores,NA,NA
Houston,19,US,13,Elimination,Individual,Kristen Kish,Yes,Iron Chef: Quest for an Iron Legend Host
Houston,19,US,14,Elimination,Individual,Eric Ripert,NA,Yes?
Houston,19,US,14,Elimination,Individual,Stephanie Izard,Yes,Tournament of Champions
Kentucky,16,US,1,Elimination,Team,David Danielson,NA,NA
Kentucky,16,US,2,Quickfire,Individual,Gail Simmons,NA,Top Chef: Just Desserts
Kentucky,16,US,2,Elimination,Team,Newman Miller,NA,NA
Kentucky,16,US,3,Quickfire,Individual,Brooke Williamson,Yes,Tournament of Champions; Beachside Brawl
Kentucky,16,US,3,Quickfire,Individual,Richard Blais,Yes,NA
Kentucky,16,US,3,Elimination,Individual,Eric Ripert,NA,Yes?
Kentucky,16,US,4,Quickfire,Individual,Karen Akunowicz,Yes,Tournament of Champions
Kentucky,16,US,4,Quickfire,Individual,Nina Compton,Yes,NA
Kentucky,16,US,5,Elimination,Team,Caroline Styne,NA,NA
Kentucky,16,US,6,Elimination,Individual,Ken Oringer,NA,NA
Kentucky,16,US,7,Quickfire,Individual,Lena Waithe,NA,NA
Kentucky,16,US,7,Elimination,Individual,Dario Cecchini,NA,NA
Kentucky,16,US,7,Elimination,Individual,Nancy Silverton,NA,Tournament of Champions Judge
Kentucky,16,US,8,Elimination,Team,Emeril Lagasse,NA,NA
Kentucky,16,US,8,Elimination,Team,Emeril Lagasse,NA,NA
Kentucky,16,US,9,Quickfire,Individual,Hunter Hayes,NA,NA
Kentucky,16,US,9,Elimination,Individual,Jonathan Waxman,NA,"Top Chef Masters Season 1 and 2, and more as a Judge?"
Kentucky,16,US,10,Quickfire,Individual,Edward Lee,Yes,NA
Kentucky,16,US,10,Elimination,Team,Edward Lee,Yes,NA
Kentucky,16,US,10,Elimination,Team,Hunter Lewis,NA,Yes?
Kentucky,16,US,10,Elimination,Team,John Calipari,NA,NA
Kentucky,16,US,11,Quickfire,Individual,Art Smith,NA,Top Chef Masters Seasons 1 and 4
Kentucky,16,US,11,Quickfire,Individual,Art Smith,NA,Top Chef Masters Seasons 1 and 4
Kentucky,16,US,11,Elimination,Individual,Laila Ali,NA,NA
Kentucky,16,US,12,Quickfire,Individual,Ouita Michel,NA,NA
Kentucky,16,US,12,Elimination,Individual,Bryan Voltaggio,Yes,"Tournament of Champions, Battle of the Brothers, Top Chef Masters Season 5"
Kentucky,16,US,12,Elimination,Individual,Chris Coombs,NA,NA
Kentucky,16,US,12,Elimination,Individual,David Posey,NA,NA
Kentucky,16,US,12,Elimination,Individual,Gavin Kaysen,NA,NA
Kentucky,16,US,12,Elimination,Individual,JD Fratzke,NA,NA
Kentucky,16,US,12,Elimination,Individual,Kim Alter,NA,NA
Kentucky,16,US,12,Elimination,Individual,Ouita Michel,NA,NA
Kentucky,16,US,13,Elimination,Individual,Jowett Yu,NA,NA
Kentucky,16,US,14,Quickfire,Individual,Abe Conlon,NA,NA
Kentucky,16,US,14,Elimination,Individual,Abe Conlon,NA,NA
Kentucky,16,US,14,Elimination,Individual,Florita Morais Alves,NA,NA
Kentucky,16,US,14,Elimination,Individual,Manuela Ferreira,NA,NA
Las Vegas,6,US,1,Elimination,Team,Wolfgang Puck,NA,NA
Las Vegas,6,US,2,Quickfire,Individual,Todd English,NA,NA
Las Vegas,6,US,2,Elimination,Team,Todd English,NA,NA
Las Vegas,6,US,3,Quickfire,Individual,Mark Peel,NA,Top Chef Masters Season 1
Las Vegas,6,US,3,Elimination,Team,Mark Peel,NA,Top Chef Masters Season 1
Las Vegas,6,US,3,Elimination,Individual,Mark Peel,NA,Top Chef Masters Season 1
Las Vegas,6,US,4,Sudden Death Quickfire,Individual,Daniel Boulud,NA,NA
Las Vegas,6,US,4,Quickfire,Individual,Daniel Boulud,NA,NA
Las Vegas,6,US,4,Elimination,Team,Daniel Boulud,NA,NA
Las Vegas,6,US,4,Elimination,Team,Hubert Keller,NA,Top Chef Masters Runner-Up (Season 1)
Las Vegas,6,US,4,Elimination,Team,Jean Joho,NA,NA
Las Vegas,6,US,4,Elimination,Team,Joel Robuchon,NA,NA
Las Vegas,6,US,5,Quickfire,Individual,Tim Love,NA,"Top Chef Masters Season 1, Tournament of Champions"
Las Vegas,6,US,5,Elimination,Individual,Tim Love,NA,"Top Chef Masters Season 1, Tournament of Champions"
Las Vegas,6,US,6,Quickfire,Individual,Michelle Bernstein,NA,NA
Las Vegas,6,US,6,Elimination,Individual,Michelle Bernstein,NA,NA
Las Vegas,6,US,6,Elimination,Individual,Penn & Teller,NA,NA
Las Vegas,6,US,6,Elimination,Individual,Toby Young,NA,NA
Las Vegas,6,US,7,Quickfire,Individual,Tyler Florence,NA,NA
Las Vegas,6,US,7,Elimination,Team,Govind Armstrong,NA,Top Chef Masters Season 2
Las Vegas,6,US,7,Elimination,Team,Nancy Silverton,NA,Tournament of Champions Judge
Las Vegas,6,US,7,Elimination,Team,Takashi Yagihashi,NA,Top Chef Masters Season 4
Las Vegas,6,US,7,Elimination,Team,Tom Douglas,NA,NA
Las Vegas,6,US,7,Elimination,Team,Tyler Florence,NA,NA
Las Vegas,6,US,8,Quickfire,Individual,Charlie Palmer,NA,NA
Las Vegas,6,US,8,Elimination,Individual,Charlie Palmer,NA,NA
Las Vegas,6,US,8,Elimination,Individual,Dana Cowin,NA,NA
Las Vegas,6,US,8,Elimination,Individual,Toby Young,NA,NA
Las Vegas,6,US,9,Quickfire,Team,Rick Moonen,NA,Top Chef Masters Season 2
Las Vegas,6,US,9,Elimination,Team,Rick Moonen,NA,Top Chef Masters Season 2
Las Vegas,6,US,9,Elimination,Team,Toby Young,NA,NA
Las Vegas,6,US,10,Quickfire,Individual,Paul Barolotta,NA,NA
Las Vegas,6,US,10,Elimination,Individual,Natalie Portman,NA,NA
Las Vegas,6,US,12,Quickfire,Individual,Nigella Lawson,NA,NA
Las Vegas,6,US,12,Elimination,Individual,Nigella Lawson,NA,NA
Las Vegas,6,US,12,Elimination,Individual,Toby Young,NA,NA
Las Vegas,6,US,13,Quickfire,Individual,Gavin Kaysen,NA,NA
Las Vegas,6,US,13,Elimination,Individual,Alex Stratta,NA,Top Chef Masters Season 3
Las Vegas,6,US,13,Elimination,Individual,Daniel Boulud,NA,NA
Las Vegas,6,US,13,Elimination,Individual,Gavin Kaysen,NA,NA
Las Vegas,6,US,13,Elimination,Individual,Jerome Bocus,NA,NA
Las Vegas,6,US,13,Elimination,Individual,Thomas Keller,NA,NA
Las Vegas,6,US,13,Elimination,Individual,Traci Des Jardins,NA,Top Chef Masters Season 3
Las Vegas,6,US,14,Quickfire,Individual,Michael Chiarello,NA,Top Chef Masters Runner-Up (Season 1)
Las Vegas,6,US,14,Elimination,Individual,Michael Chiarello,NA,Top Chef Masters Runner-Up (Season 1)
Las Vegas,6,US,15,Elimination,Individual,Donatella Arpaia,NA,NA
Las Vegas,6,US,15,Elimination,Individual,Douglas Keane,NA,Top Chef Masters Season 5
Las Vegas,6,US,15,Elimination,Individual,Sam Nazarian,NA,NA
Las Vegas,6,US,15,Elimination,Individual,Stephen Starr,NA,NA
Las Vegas,6,US,15,Elimination,Individual,Toby Young,NA,NA
Los Angeles,2,US,1,Quickfire,Individual,Harold Dieterle,Yes,NA
Los Angeles,2,US,1,Elimination,Individual,Harold Dieterle,Yes,NA
Los Angeles,2,US,2,Quickfire,Individual,Hiroshi Shima,NA,NA
Los Angeles,2,US,2,Elimination,Team,Ming Tsai,NA,Tournament of Champions Judge
Los Angeles,2,US,3,Elimination,Individual,Stephen Bugarelli,NA,NA
Los Angeles,2,US,4,Quickfire,Individual,Suzanne Goin,NA,NA
Los Angeles,2,US,4,Elimination,Team,Suzanne Goin,NA,NA
Los Angeles,2,US,5,Quickfire,Individual,Michelle Bernstein,NA,NA
Los Angeles,2,US,5,Elimination,Team,Michelle Bernstein,NA,NA
Los Angeles,2,US,6,Elimination,Individual,Anthony Bourdain,NA,Parts Unknown; No Reservations
Los Angeles,2,US,7,Quickfire,Individual,Raphael Lunetta,NA,NA
Los Angeles,2,US,7,Elimination,Individual,Raphael Lunetta,NA,NA
Los Angeles,2,US,8,Quickfire,Individual,Kristen Woodward,NA,NA
Los Angeles,2,US,8,Elimination,Team,Lee Hefter,NA,NA
Los Angeles,2,US,8,Elimination,Team,Ted Allen,NA,Chopped Host
Los Angeles,2,US,9,Quickfire,Individual,Ted Allen,NA,Chopped Host
Los Angeles,2,US,9,Elimination,Individual,Debi Mazar,NA,NA
Los Angeles,2,US,9,Elimination,Individual,Roberto Ivan,NA,NA
Los Angeles,2,US,9,Elimination,Individual,Ted Allen,NA,Chopped Host
Los Angeles,2,US,10,Quickfire,Individual,Mike Yakura,NA,NA
Los Angeles,2,US,10,Elimination,Team,Mike Yakura,NA,NA
Los Angeles,2,US,11,Quickfire,Individual,Eric Ripert,NA,Yes?
Los Angeles,2,US,11,Elimination,Individual,Eric Ripert,NA,Yes?
Los Angeles,2,US,12,Elimination,Individual,Alan Wong,NA,NA
Los Angeles,2,US,13,Elimination,Individual,Hubert Keller,NA,Top Chef Masters Runner-Up (Season 1)
Los Angeles,2,US,13,Elimination,Individual,Michelle Bernstein,NA,NA
Los Angeles,2,US,13,Elimination,Individual,Roy Yamaguchi,NA,Top Chef Masters Season 1
Los Angeles,2,US,13,Elimination,Individual,Scott Conant,NA,Chopped Judge; Tournament of Champions Judge
Los Angeles,2,US,13,Elimination,Individual,Wylie Dufresne,NA,Top Chef Masters Season 1 and 2
Masters Season 1,1,US Masters,2,Quickfire,Individual,Betty Fraser,Yes,NA
Masters Season 1,1,US Masters,2,Quickfire,Individual,Ilan Hall,Yes,NA
Masters Season 1,1,US Masters,2,Quickfire,Individual,Michael Midgley,Yes,NA
Masters Season 1,1,US Masters,2,Elimination,Individual,Carlton Cuse,NA,NA
Masters Season 1,1,US Masters,2,Elimination,Individual,Damon Lindelof,NA,NA
Masters Season 1,1,US Masters,3,Quickfire,Individual,Chris Oliver,NA,NA
Masters Season 1,1,US Masters,3,Quickfire,Individual,Christine Peters,NA,NA
Masters Season 1,1,US Masters,3,Quickfire,Individual,Joanne Cehn,NA,NA
Masters Season 1,1,US Masters,4,Quickfire,Individual,Gail Simmons,NA,Top Chef: Just Desserts
Masters Season 1,1,US Masters,4,Quickfire,Individual,Monica May,NA,NA
Masters Season 1,1,US Masters,4,Quickfire,Individual,Terry Reish,NA,NA
Masters Season 1,1,US Masters,4,Elimination,Individual,Neil Patrick Harris,NA,NA
Masters Season 1,1,US Masters,5,Quickfire,Individual,Jeff Lewis,NA,NA
Masters Season 1,1,US Masters,6,Quickfire,Individual,Whole Foods workers,NA,NA
Masters Season 1,1,US Masters,7,Quickfire,Team,Tom Colicchio,NA,Top Chef Judge
Masters Season 1,1,US Masters,8,Quickfire,Individual,Morgan Spurlock,NA,NA
Masters Season 1,1,US Masters,8,Quickfire,Individual,Sang Yoon,NA,Top Chef Masters Season 5
Masters Season 1,1,US Masters,8,Quickfire,Individual,Spike Mendelsohn,Yes,NA
Masters Season 1,1,US Masters,8,Elimination,Individual,Zooey Deschanel,NA,NA
Masters Season 1,1,US Masters,10,Elimination,Individual,Gail Simmons,NA,Top Chef: Just Desserts
Masters Season 1,1,US Masters,10,Elimination,Individual,Padma Lakshmi,NA,NA
Masters Season 1,1,US Masters,10,Elimination,Individual,Tom Colicchio,NA,Top Chef Judge
Masters Season 2,2,US Masters,1,Quickfire,Team,The Bravery,NA,NA
Masters Season 2,2,US Masters,1,Quickfire,Team,"The Bravery, Lexus",NA,NA
Masters Season 2,2,US Masters,2,Elimination,Individual,Mekhi Phifer,NA,NA
Masters Season 2,2,US Masters,3,Quickfire,Individual,Real Housewives of Orange County,NA,NA
Masters Season 2,2,US Masters,4,Quickfire,Individual,Gail Simmons,NA,Top Chef: Just Desserts
Masters Season 2,2,US Masters,4,Quickfire,Individual,Stephen Hamilton,NA,NA
Masters Season 2,2,US Masters,6,Quickfire,Individual,Hank Azaria,NA,NA
Masters Season 2,2,US Masters,6,Quickfire,Individual,Matt Groenig,NA,NA
Masters Season 2,2,US Masters,6,Quickfire,Individual,Matt Selman,NA,NA
Masters Season 2,2,US Masters,6,Elimination,Individual,Andrew Zimmern,NA,Tournament of Champions Judge; Iron Chef: Quest for an Iron Legend Judge
Masters Season 2,2,US Masters,7,Quickfire,Individual,Jason Lezak,NA,NA
Masters Season 2,2,US Masters,8,Elimination,Individual,Gail Simmons,NA,Top Chef: Just Desserts
Masters Season 2,2,US Masters,9,Quickfire,Individual,James Oseland,NA,Top Chef Masters Judge
Masters Season 2,2,US Masters,10,Elimination,Individual,Hubert Keller,NA,Top Chef Masters Runner-Up (Season 1)
Masters Season 2,2,US Masters,10,Elimination,Individual,Michael Chiarello,NA,Top Chef Masters Runner-Up (Season 1)
Masters Season 2,2,US Masters,10,Elimination,Individual,Rick Bayless,NA,Top Chef Masters Season 1
Masters Season 2,2,US Masters,10,Elimination,Individual,Tom Colicchio,NA,Top Chef Judge
Masters Season 3,3,US Masters,2,Quickfire,Individual,Kelis,NA,NA
Masters Season 3,3,US Masters,2,Elimination,Individual,Christina Hendrix,NA,NA
Masters Season 3,3,US Masters,2,Elimination,Individual,Geoffrey Arend,NA,NA
Masters Season 3,3,US Masters,3,Quickfire,Individual,Mykel Hawke,NA,NA
Masters Season 3,3,US Masters,3,Quickfire,Individual,Ruth England,NA,NA
Masters Season 3,3,US Masters,3,Elimination,Individual,Alan Sytsma,NA,NA
Masters Season 3,3,US Masters,4,Quickfire,Individual,Norbert Namgib,NA,NA
Masters Season 3,3,US Masters,4,Elimination,Team,Alan Sytsma,NA,NA
Masters Season 3,3,US Masters,5,Quickfire,Individual,Brendan Newnam,NA,NA
Masters Season 3,3,US Masters,5,Quickfire,Individual,Rico Gagliano,NA,NA
Masters Season 3,3,US Masters,5,Elimination,Individual,Alan Sytsma,NA,NA
Masters Season 3,3,US Masters,6,Elimination,Team,Gail Simmons,NA,Top Chef: Just Desserts
Masters Season 3,3,US Masters,7,Elimination,Individual,Gael Greene,NA,NA
Masters Season 3,3,US Masters,7,Elimination,Individual,Gail Simmons,NA,Top Chef: Just Desserts
Masters Season 3,3,US Masters,8,Elimination,Individual,Padma Lakshmi,NA,Top Chef Host
Masters Season 4,4,US Masters,3,Quickfire,Individual,Brian Boitano,NA,NA
Masters Season 4,4,US Masters,3,Elimination,Team,Mary Sue Milliken,NA,Top Chef Masters Season 3
Masters Season 4,4,US Masters,3,Elimination,Team,Susan Feniger,NA,Top Chef Masters Season 2
Masters Season 4,4,US Masters,3,Elimination,Team,Rick Moonen,NA,Top Chef Masters Season 2
Masters Season 4,4,US Masters,3,Elimination,Team,Jonathan Waxman,NA,"Top Chef Masters Season 1 and 2, and more as a Judge?"
Masters Season 4,4,US Masters,3,Elimination,Team,Francis Lam,NA,NA
Masters Season 4,4,US Masters,4,Quickfire,Individual,B52s,NA,NA
Masters Season 4,4,US Masters,4,Elimination,Team,Members of the Hualapai tribe,NA,NA
Masters Season 4,4,US Masters,4,Elimination,Team,Francis Lam,NA,NA
Masters Season 4,4,US Masters,5,Quickfire,Individual,Indigo Girls,NA,NA
Masters Season 4,4,US Masters,5,Elimination,Individual,Holly Madison,NA,NA
Masters Season 4,4,US Masters,5,Elimination,Individual,Francis Lam,NA,NA
Masters Season 4,4,US Masters,6,Quickfire,Individual,Dita Von Teese,NA,NA
Masters Season 4,4,US Masters,6,Elimination,Individual,Alan Sytsma,NA,NA
Masters Season 4,4,US Masters,6,Elimination,Individual,Francis Lam,NA,NA
Masters Season 4,4,US Masters,7,Quickfire,Individual,Chris Cosentino,NA,Top Chef Masters Season 4
Masters Season 4,4,US Masters,7,Quickfire,Individual,Patricia Yeo,NA,Top Chef Masters Season 4
Masters Season 4,4,US Masters,7,Quickfire,Individual,Lorena Garcia,NA,Top Chef Masters Season 4
Masters Season 4,4,US Masters,7,Elimination,Individual,Sugar Ray Leonard,NA,NA
Masters Season 4,4,US Masters,7,Elimination,Individual,Jane Goldman,NA,NA
Masters Season 4,4,US Masters,7,Elimination,Individual,Kerry Heffernan,NA,Top Chef Masters Season 4
Masters Season 4,4,US Masters,8,Quickfire,Team,Johnny Avello,NA,NA
Masters Season 4,4,US Masters,8,Elimination,Individual,Francis Lam,NA,NA
Masters Season 4,4,US Masters,9,Elimination,Individual,Francis Lam,NA,NA
Masters Season 4,4,US Masters,10,Elimination,Individual,Alan Richman,NA,NA
Masters Season 4,4,US Masters,10,Elimination,Individual,Jane Goldman,NA,NA
Masters Season 4,4,US Masters,10,Elimination,Individual,Francis Lam,NA,NA
Masters Season 4,4,US Masters,10,Elimination,Individual,Alan Sytsma,NA,NA
Masters Season 4,4,US Masters,10,Elimination,Individual,John Curtas,NA,NA
Masters Season 4,4,US Masters,10,Elimination,Individual,Lesley Bargar Suter,NA,NA
Masters Season 4,4,US Masters,10,Elimination,Individual,Karen Brooks,NA,NA
Miami,3,US,2,Elimination,Individual,Anthony Bourdain,NA,Parts Unknown; No Reservations
Miami,3,US,3,Quickfire,Individual,Norman van Aken,NA,NA
Miami,3,US,3,Elimination,Individual,Norman van Aken,NA,NA
Miami,3,US,4,Quickfire,Individual,Alfred Portale,NA,NA
Miami,3,US,4,Elimination,Individual,Alfred Portale,NA,NA
Miami,3,US,5,Quickfire,Individual,Jamie Walker,NA,NA
Miami,3,US,5,Elimination,Team,Barton G. Weiss,NA,NA
Miami,3,US,6,Quickfire,Individual,Maria Frumkin,NA,NA
Miami,3,US,6,Elimination,Individual,Maria Frumkin,NA,NA
Miami,3,US,8,Quickfire,Individual,Rocco DiSpirito,NA,Tournament of Champions Judge & Contestant
Miami,3,US,8,Elimination,Team,Rocco DiSpirito,NA,Tournament of Champions Judge & Contestant
Miami,3,US,9,Quickfire,Individual,Govind Armstrong,NA,Top Chef Masters Season 2
Miami,3,US,9,Elimination,Team,Govind Armstrong,NA,Top Chef Masters Season 2
Miami,3,US,10,Quickfire,Individual,Daniel Boulud,NA,NA
Miami,3,US,10,Elimination,Team,Daniel Boulud,NA,NA
Miami,3,US,11,Elimination,Team,Geoffrey Zakarian,NA,Chopped Judge
Miami,3,US,12,Quickfire,Individual,Michael Schwartz,NA,NA
Miami,3,US,12,Elimination,Individual,Dana Cowin,NA,NA
Miami,3,US,12,Elimination,Individual,Michael Schwartz,NA,NA
Miami,3,US,13,Elimination,Individual,Anthony Bourdain,NA,Parts Unknown; No Reservations
Miami,3,US,13,Elimination,Individual,Jimmy Canora,NA,NA
Miami,3,US,14,Quickfire,Individual,Sirio Maccioni,NA,NA
Miami,3,US,14,Elimination,Individual,Alain Sailhac,NA,NA
Miami,3,US,14,Elimination,Individual,Andre Soltner,NA,NA
Miami,3,US,14,Elimination,Individual,Cesare Casella,NA,NA
Miami,3,US,14,Elimination,Individual,Dorothy Hamilton,NA,NA
Miami,3,US,14,Elimination,Individual,Jacques Torres,NA,NA
Miami,3,US,14,Elimination,Individual,Nils Noren,NA,Top Chef Masters Season 1
Miami,3,US,15,Quickfire,Individual,Eric Ripert,NA,Yes?
Miami,3,US,15,Elimination,Individual,Eric Ripert,NA,Yes?
Miami,3,US,16,Elimination,Individual,Michelle Bernstein,NA,NA
Miami,3,US,16,Elimination,Individual,Rocco DiSpirito,NA,Tournament of Champions Judge & Contestant
Miami,3,US,16,Elimination,Individual,Todd English,NA,NA
New Orleans,11,US,1,Elimination,Individual,Curtis Stone,NA,Top Chef Masters Season 3 Host
New Orleans,11,US,2,Quickfire,Individual,Leah Chase,NA,NA
New Orleans,11,US,2,Elimination,Team,Susan Spicer,NA,NA
New Orleans,11,US,3,Sudden Death Quickfire,Individual,Dana Cowin,NA,NA
New Orleans,11,US,3,Quickfire Elimination,Individual,Dana Cowin,NA,NA
New Orleans,11,US,4,Elimination,Team,Eddie Huang,NA,NA
New Orleans,11,US,5,Quickfire,Team,Gail Simmons,NA,Top Chef: Just Desserts
New Orleans,11,US,5,Elimination,Team,Lea Michele,NA,NA
New Orleans,11,US,6,Quickfire,Individual,John Besh,NA,Top Chef Masters Season 1
New Orleans,11,US,7,Quickfire,Individual,Kermit Ruffins,NA,NA
New Orleans,11,US,7,Elimination,Team,Sue Zemanick,NA,Top Chef Masters Season 3 and Season 5
New Orleans,11,US,8,Quickfire,Individual,Dr. John,NA,NA
New Orleans,11,US,8,Elimination,Individual,Donald Link,NA,NA
New Orleans,11,US,9,Elimination,Team,David Chang,NA,NA
New Orleans,11,US,10,Quickfire,Individual,Hubert Keller,NA,Top Chef Masters Runner-Up (Season 1)
New Orleans,11,US,10,Quickfire,Individual,Hubert Keller,NA,Top Chef Masters Runner-Up (Season 1)
New Orleans,11,US,10,Elimination,Individual,Anthony Mackie,NA,NA
New Orleans,11,US,11,Quickfire,Individual,Questlove,NA,NA
New Orleans,11,US,12,Quickfire,Individual,John Besh,NA,Top Chef Masters Season 1
New Orleans,11,US,12,Elimination,Individual,John Besh,NA,Top Chef Masters Season 1
New Orleans,11,US,13,Quickfire,Individual,Jacques Pepin,NA,NA
New Orleans,11,US,13,Elimination,Team,Jacques Pepin,NA,NA
New Orleans,11,US,14,Quickfire,Individual,Roy Choi,NA,NA
New Orleans,11,US,14,Elimination,Individual,Jon Favreau,NA,NA
New Orleans,11,US,16,Quickfire,Individual,Sam Choy,NA,NA
New York,5,US,1,Elimination,Individual,Jean-Georges Vongerichten,NA,NA
New York,5,US,2,Quickfire,Individual,Donatella Arpaia,NA,NA
New York,5,US,3,Quickfire,Individual,Grant Achatz,NA,NA
New York,5,US,4,Quickfire,Individual,Rocco DiSpirito,NA,Tournament of Champions Judge & Contestant
New York,5,US,4,Elimination,Individual,Rocco DiSpirito,NA,Tournament of Champions Judge & Contestant
New York,5,US,5,Elimination,Team,Dana Cowin,NA,NA
New York,5,US,6,Quickfire,Individual,Martha Stewart,NA,NA
New York,5,US,6,Elimination,Individual,Michelle Bernstein,NA,NA
New York,5,US,6,Elimination,Individual,Natasha Richardson,NA,NA
New York,5,US,7,Quickfire,Individual,Jean-Christophe Novelli,NA,NA
New York,5,US,7,Elimination,Individual,Toby Young,NA,NA
New York,5,US,8,Quickfire,Individual,Hung Huynh,Yes,NA
New York,5,US,8,Elimination,Team,Dan Barber,NA,NA
New York,5,US,9,Quickfire,Individual,Stephen Starr,NA,NA
New York,5,US,9,Elimination,Team,Stephen Starr,NA,NA
New York,5,US,10,Quickfire,Individual,Scott Conant,NA,Chopped Judge; Tournament of Champions Judge
New York,5,US,11,Quickfire,Individual,Eric Ripert,NA,Yes?
New York,5,US,11,Elimination,Individual,Eric Ripert,NA,Yes?
New York,5,US,12,Quickfire,Individual,Wylie Dufresne,NA,Top Chef Masters Season 1 and 2
New York,5,US,12,Elimination,Individual,Wylie Dufresne,NA,Top Chef Masters Season 1 and 2
New York,5,US,13,Quickfire,Individual,Emeril Lagasse,NA,NA
New York,5,US,13,Elimination,Individual,Emeril Lagasse,NA,NA
New York,5,US,14,Elimination,Individual,Branford Marsalis,NA,NA
New York,5,US,14,Elimination,Individual,Hubert Keller,NA,Top Chef Masters Runner-Up (Season 1)
New York,5,US,14,Elimination,Individual,John Besh,NA,Top Chef Masters Season 1
New York,5,US,14,Elimination,Individual,Rocco DiSpirito,NA,Tournament of Champions Judge & Contestant
New York,5,US,14,Elimination,Individual,Susan Spicer,NA,NA
New York,5,US,14,Elimination,Individual,Ti Adelaide Martin,NA,NA
Portland,18,US,2,Quickfire,Individual,Amar Santana,Yes,NA
Portland,18,US,2,Quickfire,Individual,Carrie Baird,Yes,NA
Portland,18,US,2,Quickfire,Individual,Dale Talde,Yes,NA
Portland,18,US,2,Quickfire,Individual,Gregory Gourdet,Yes,NA
Portland,18,US,2,Quickfire,Individual,Kwame Onwuachi,Yes,NA
Portland,18,US,2,Quickfire,Individual,Melissa King,Yes,NA
Portland,18,US,2,Quickfire,Individual,Richard Blais,Yes,NA
Portland,18,US,7,Elimination,Individual,Jose Andres,NA,NA
Portland,18,US,9,Quickfire,Individual,Carrie Brownstein,NA,NA
Portland,18,US,9,Quickfire,Individual,Fred Armisen,NA,NA
Portland,18,US,10,Quickfire,Individual,Richard Blais,Yes,NA
Portland,18,US,11,Quickfire,Team,Gabriel Rucker,NA,NA
Portland,18,US,12,Quickfire,Individual,Vitaly Paley,NA,NA
Portland,18,US,12,Elimination,Individual,Massimo Bottura,NA,NA
Portland,18,US,13,Elimination,Individual,Naomi Pomeroy,NA,Top Chef Masters Season 3
Portland,18,US,14,Elimination,Individual,Naomi Pomeroy,NA,Top Chef Masters Season 3
Portland,18,US,14,Elimination,Individual,Peter Cho,NA,NA
San Francisco,1,US,1,Quickfire,Individual,Hubert Keller,NA,Top Chef Masters Runner-Up (Season 1)
San Francisco,1,US,1,Quickfire,Individual,Hubert Keller,NA,Top Chef Masters Runner-Up (Season 1)
San Francisco,1,US,1,Elimination,Individual,Hubert Keller,NA,Top Chef Masters Runner-Up (Season 1)
San Francisco,1,US,1,Elimination,Individual,Paige White,NA,NA
San Francisco,1,US,2,Quickfire,Individual,Elizabeth Falkner,NA,"Top Chef Masters Season 1, Tournament of Champions"
San Francisco,1,US,2,Elimination,Individual,Elizabeth Falkner,NA,"Top Chef Masters Season 1, Tournament of Champions"
San Francisco,1,US,2,Elimination,Individual,Madame S.,NA,NA
San Francisco,1,US,3,Quickfire,Individual,Laurent Manrique,NA,NA
San Francisco,1,US,3,Elimination,Team,Boys & Girls Club,NA,NA
San Francisco,1,US,3,Elimination,Team,Laurent Manrique,NA,NA
San Francisco,1,US,4,Quickfire,Individual,Jefferson Hill,NA,NA
San Francisco,1,US,4,Elimination,Individual,Jefferson Hill,NA,NA
San Francisco,1,US,4,Elimination,Individual,Junior League of Oakland-East Bay,NA,NA
San Francisco,1,US,5,Quickfire,Individual,Mike Yakura,NA,NA
San Francisco,1,US,5,Elimination,Team,Mike Yakura,NA,NA
San Francisco,1,US,6,Quickfire,Individual,Ted Allen,NA,Chopped Host
San Francisco,1,US,6,Elimination,Individual,Ted Allen,NA,Chopped Host
San Francisco,1,US,7,Quickfire,Individual,Jeffrey Chodorow,NA,NA
San Francisco,1,US,7,Elimination,Team,Jeffrey Chodorow,NA,NA
San Francisco,1,US,8,Quickfire,Individual,Marcy Blum,NA,NA
San Francisco,1,US,8,Elimination,Individual,Marcy Blum,NA,NA
San Francisco,1,US,11,Elimination,Individual,Hubert Keller,NA,Top Chef Masters Runner-Up (Season 1)
San Francisco,1,US,11,Elimination,Individual,Lee Anne Wong,Yes,NA
San Francisco,1,US,11,Elimination,Individual,Miguel Morales,Yes,NA
San Francisco,1,US,11,Elimination,Individual,Stephen Asprinio,Yes,NA
San Francisco,1,US,12,Elimination,Individual,Dana Cowin,NA,NA
San Francisco,1,US,12,Elimination,Individual,Drew Nieporent,NA,NA
San Francisco,1,US,12,Elimination,Individual,Hubert Keller,NA,Top Chef Masters Runner-Up (Season 1)
San Francisco,1,US,12,Elimination,Individual,Lorraine Bracco,NA,NA
San Francisco,1,US,12,Elimination,Individual,Michael Mina,NA,NA
Seattle,10,US,2,Quickfire,Individual,CJ Jacobson,Yes,NA
Seattle,10,US,2,Quickfire,Individual,Josie Smith-Malave,Yes,NA
Seattle,10,US,2,Quickfire,Individual,Stefan Richter,Yes,NA
Seattle,10,US,2,Elimination,Team,Tom Douglas,NA,NA
Seattle,10,US,3,Quickfire,Individual,Dana Cowin,NA,NA
Seattle,10,US,4,Quickfire,Individual,Naomi Pomeroy,NA,Top Chef Masters Season 3
Seattle,10,US,5,Quickfire,Team,Paisley Gordon,NA,NA
Seattle,10,US,6,Quickfire,Individual,Marilyn Hagerty,NA,NA
Seattle,10,US,6,Elimination,Individual,Rick Moonen,NA,Top Chef Masters Season 2
Seattle,10,US,7,Quickfire,Individual,Stephanie Izard,Yes,Tournament of Champions
Seattle,10,US,8,Quickfire,Individual,Emeril Lagasse,NA,NA
Seattle,10,US,8,Quickfire,Individual,Emeril Legasse,NA,NA
Seattle,10,US,9,Quickfire,Team,Bob Kramer,NA,NA
Seattle,10,US,9,Elimination,Individual,Chris Cosentino,NA,Top Chef Masters Season 4
Seattle,10,US,9,Elimination,Individual,Wolfgang Puck,NA,NA
Seattle,10,US,10,Quickfire,Individual,Wolfgang Puck,NA,NA
Seattle,10,US,10,Elimination,Individual,Danny Meyer,NA,NA
Seattle,10,US,11,Elimination,Team,Danny Meyer,NA,NA
Seattle,10,US,12,Quickfire,Individual,Katsuya Uechi,NA,NA
Seattle,10,US,12,Elimination,Individual,David Chang,NA,NA
Seattle,10,US,13,Quickfire,Individual,Curtis Stone,NA,Top Chef Masters Season 3 Host
Seattle,10,US,13,Elimination,Individual,Curtis Stone,NA,Top Chef Masters Season 3 Host
Seattle,10,US,14,Quickfire,Individual,Sean Brock,NA,NA
Seattle,10,US,15,Quickfire,Individual,Tom Colicchio,NA,Top Chef Judge
Seattle,10,US,15,Elimination,Individual,Roy Choi,NA,NA
Texas,9,US,3,Quickfire,Individual,Johnny Hernandez,NA,NA
Texas,9,US,3,Elimination,Team,Johnny Hernandez,NA,NA
Texas,9,US,4,Quickfire,Individual,Mary Sue Milliken,NA,Top Chef Masters Season 3
Texas,9,US,4,Quickfire,Individual,Susan Feniger,NA,Top Chef Masters Season 2
Texas,9,US,4,Elimination,Team,Mary Sue Milliken,NA,Top Chef Masters Season 3
Texas,9,US,4,Elimination,Team,Susan Feniger,NA,Top Chef Masters Season 2
Texas,9,US,5,Quickfire,Individual,John Besh,NA,Top Chef Masters Season 1
Texas,9,US,5,Elimination,Individual,John Besh,NA,Top Chef Masters Season 1
Texas,9,US,6,Quickfire,Individual,Dean Fearing,NA,NA
Texas,9,US,6,Elimination,Team,Dean Fearing,NA,NA
Texas,9,US,7,Quickfire,Individual,Tim Love,NA,"Top Chef Masters Season 1, Tournament of Champions"
Texas,9,US,7,Elimination,Team,Tim Love,NA,"Top Chef Masters Season 1, Tournament of Champions"
Texas,9,US,8,Quickfire,Individual,Tom Colicchio,NA,Top Chef Judge
Texas,9,US,8,Elimination,Individual,Patti LaBelle,NA,NA
Texas,9,US,9,Quickfire,Individual,Nathan Mirabald,NA,NA
Texas,9,US,9,Elimination,Team,Nathan Mirabald,NA,NA
Texas,9,US,11,Quickfire,Individual,Eric Ripert,NA,Yes?
Texas,9,US,11,Elimination,Individual,Charlize Theron,NA,NA
Texas,9,US,12,Quickfire,Team,Cat Cora,NA,Iron Chef
Texas,9,US,12,Quickfire,Team,Cat Cora,NA,NA
Texas,9,US,12,Elimination,Individual,Dana Cowin,NA,NA
Texas,9,US,13,Quickfire,Individual,Pee Wee Herman,NA,NA
Texas,9,US,14,Quickfire,Individual,Tom Colicchio,NA,Top Chef Judge
Texas,9,US,15,Elimination,Individual,Cammi Granato,NA,NA
Texas,9,US,15,Elimination,Individual,Gretchen Beiler,NA,NA
Texas,9,US,15,Elimination,Individual,Jon Montgomery,NA,NA
Texas,9,US,16,Quickfire,Individual,Emeril Lagasse,NA,NA
Texas,9,US,17,Elimination,Individual,Hugh Acheson,NA,Top Chef Masters Season 3
World All Stars,20,US,1,Elimination,Individual,Angela Harnett,NA,NA
World All Stars,20,US,2,Quickfire,Individual,Santiago Lastra,NA,NA
World All Stars,20,US,2,Elimination,Individual,Lorna Maseko,NA,NA
World All Stars,20,US,3,Elimination,Team,James Cochran,NA,NA
World All Stars,20,US,3,Elimination,Team,Brett Graham,NA,NA
Masters Season 5,5,US Masters,2,Sudden Death Quickfire,Individual,Gail Simmons,NA,NA
Masters Season 5,5,US Masters,3,Quickfire,Individual,Amelia Posada,NA,NA
Masters Season 5,5,US Masters,3,Quickfire,Individual,Erika Nakamura,NA,NA
Masters Season 5,5,US Masters,4,Quickfire,Individual,Jason Bentley,NA,NA
Masters Season 5,5,US Masters,5,Elimination,Team,Busy Philipps,NA,NA
Masters Season 5,5,US Masters,5,Elimination,Team,Dana Cowin,NA,NA
Masters Season 5,5,US Masters,5,Elimination,Team,Francis Lam,NA,NA
Masters Season 5,5,US Masters,6,Quickfire,Individual,Mindy Kaling,NA,NA
Masters Season 5,5,US Masters,6,Elimination,Individual,Francis Lam,NA,NA
Masters Season 5,5,US Masters,7,Quickfire,Individual,Ali Larter,NA,NA
Masters Season 5,5,US Masters,7,Elimination,Team,Francis Lam,NA,NA
Masters Season 5,5,US Masters,8,Quickfire,Individual,Daniel Handler,NA,NA
Masters Season 5,5,US Masters,8,Elimination,Individual,Jane Goldman,NA,NA
Masters Season 5,5,US Masters,8,Elimination,Individual,Lesley Bargar Suter,NA,NA
Masters Season 5,5,US Masters,9,Quickfire,Individual,Sang Yoon,NA,Top Chef Masters Season 5
Masters Season 5,5,US Masters,9,Elimination,Individual,Alan Richman,NA,NA
Masters Season 5,5,US Masters,9,Elimination,Individual,Alan Richman,NA,NA
Masters Season 5,5,US Masters,9,Elimination,Individual,Jane Goldman,NA,NA
Masters Season 5,5,US Masters,9,Elimination,Individual,Hadley Tomicki,NA,NA
Masters Season 5,5,US Masters,10,Elimination,Individual,Lesley Bargar Suter,NA,NA
Masters Season 5,5,US Masters,10,Elimination,Individual,Francis Lam,NA,NA
Masters Season 5,5,US Masters,1,Elimination,Individual,Lesley Bargar Suter,NA,NA
Masters Season 5,5,US Masters,2,Elimination,Individual,Francis Lam,NA,NA
Masters Season 5,5,US Masters,3,Elimination,Individual,Lesley Bargar Suter,NA,NA
World All Stars,20,US,4,Quickfire,Individual,Paul A. Young,NA,NA
World All Stars,20,US,4,Elimination,Team,Ledley King,NA,NA
World All Stars,20,US,4,Elimination,Team,Aquiles Chavez,NA,NA
World All Stars,20,US,5,Quickfire,Individual,Adam Handling,NA,NA
World All Stars,20,US,5,Elimination,Individual,Martha Ortiz,NA,NA
World All Stars,20,US,6,Elimination,Team,Harriet Mansell,NA,NA
World All Stars,20,US,6,Elimination,Team,Max Halley,NA,NA
World All Stars,20,US,6,Elimination,Team,Stu Deeley,NA,NA
World All Stars,20,US,6,Elimination,Team,Graham Hornigold,NA,NA
World All Stars,20,US,6,Elimination,Team,Roger Pizey,NA,NA
World All Stars,20,US,7,Quickfire,Individual,Gaggan Anand,NA,NA
World All Stars,20,US,7,Elimination,Individual,Gaggan Anand,NA,NA
World All Stars,20,US,8,Quickfire,Individual,Judy Joo,NA,NA
World All Stars,20,US,8,Elimination,Team,David Zilber,NA,NA
World All Stars,20,US,9,Elimination,Team,Clare Smyth,NA,NA
World All Stars,20,US,9,Elimination,Team,Jimmy Famurewa,NA,NA
World All Stars,20,US,10,Quickfire,Individual,Tom Brown,NA,NA
World All Stars,20,US,10,Elimination,Individual,Asma Khan,NA,NA
World All Stars,20,US,11,Quickfire,Individual,Andrew Wong,NA,NA
World All Stars,20,US,11,Elimination,Team,Kirk Westaway,NA,NA
World All Stars,20,US,12,Quickfire,Individual,Sam Bompas,NA,NA
World All Stars,20,US,12,Elimination,Individual,Jeremy Chan,NA,NA
World All Stars,20,US,13,Quickfire,Individual,Greg Marchand,NA,NA
World All Stars,20,US,13,Elimination,Individual,Greg Marchand,NA,NA
World All Stars,20,US,14,Elimination,Individual,Helene Darroze,NA,NA
