season,seasonNumber,series,episode,challengeType,outcomeType,rewardType,reward,chef
All Stars: New York,8,US,1,Elimination,Individual,Money,10000.0,Angelo S.
All Stars: New York,8,US,3,Quickfire,Team,Money,5000.0,Richard B.
All Stars: New York,8,US,3,Quickfire,Team,Money,5000.0,Spike M.
All Stars: New York,8,US,3,Quickfire,Team,Money,5000.0,Stephen A.
All Stars: New York,8,US,3,Quickfire,Team,Money,5000.0,Tre W.
All Stars: New York,8,US,3,Elimination,Team,Prize,Trip to New Zealand,Dale T.
All Stars: New York,8,US,4,Quickfire,Individual,Money,20000.0,Tre W.
All Stars: New York,8,US,4,Elimination,Team,Prize,Trip to Italy,Carla H.
All Stars: New York,8,US,5,Quickfire,Individual,Prize,Toyota Prius,Mike I.
All Stars: New York,8,US,6,Elimination,Team,Prize,Trip to Amsterdam,Carla H.
All Stars: New York,8,US,7,Elimination,Team,Money,10000.0,Richard B.
All Stars: New York,8,US,9,Quickfire,Individual,Prize,Trip to Napa,Dale T.
All Stars: New York,8,US,9,Elimination,Individual,Prize,Trip to Tokyo and gets to be on Fallon,Carla H.
All Stars: New York,8,US,10,Quickfire,Individual,Money,5000.0,Dale T.
All Stars: New York,8,US,10,Elimination,Individual,Money,25000.0,Dale T.
All Stars: New York,8,US,11,Quickfire,Individual,Money,5000.0,Mike I.
All Stars: New York,8,US,11,Elimination,Individual,Prize,Trip to Barbados,Richard B.
All Stars: New York,8,US,12,Elimination,Individual,Prize,Toyota Highlander,Antonia L.
All Stars: New York,8,US,13,Quickfire,Individual,Money,10000.0,Mike I.
All Stars: New York,8,US,13,Quickfire,Individual,Money,10000.0,Richard B.
All Stars: New York,8,US,13,Quickfire,Individual,Money,10000.0,Tiffany D.
All Stars: New York,8,US,14,Quickfire,Team,Money,2500.0,Antonia L.
All Stars: New York,8,US,14,Quickfire,Team,Money,2500.0,Tiffany D.
All Stars: New York,8,US,15,Quickfire,Individual,Money,5000.0,Mike I.
All-Stars L.A.,17,US,5,Quickfire,Individual,Money,10000.0,Kevin G.
All-Stars L.A.,17,US,5,Elimination,Individual,Prize,Immunity for the chef who collected the most tickets from the public,Gregory G.
All-Stars L.A.,17,US,6,Quickfire,Individual,Money,5000.0,Gregory G.
All-Stars L.A.,17,US,7,Elimination,Individual,Prize,Winners' concepts would be used for Restaurant Wars,Kevin G.
All-Stars L.A.,17,US,7,Elimination,Individual,Prize,Winners' concepts would be used for Restaurant Wars,Gregory G.
All-Stars L.A.,17,US,8,Elimination,Team,Money,10000.0,Brian M.
All-Stars L.A.,17,US,8,Elimination,Team,Money,10000.0,Gregory G.
All-Stars L.A.,17,US,8,Elimination,Team,Money,10000.0,Lee Anne W.
All-Stars L.A.,17,US,8,Elimination,Team,Money,10000.0,Stephanie C.
All-Stars L.A.,17,US,9,Quickfire,Individual,Money,10000.0,Lee Anne W.
All-Stars L.A.,17,US,10,Elimination,Individual,Prize,Two tickets to the Olympics,Stephanie C.
All-Stars L.A.,17,US,12,Quickfire,Individual,Money,10000.0,Kevin G.
Boston,12,US,2,Quickfire,Individual,Money,5000.0,James R.
Boston,12,US,5,Quickfire,Individual,Money,10000.0,Gregory G.
Boston,12,US,10,Quickfire,Individual,Money,5000.0,Melissa K.
Boston,12,US,12,Quickfire,Individual,Prize,Trip to Napa,Mei L.
Boston,12,US,12,Elimination,Individual,Money,10000.0,Melissa K.
Canada 6,6,Canada,1,Quickfire,Individual,Money,3000.0,Mark S.
Canada 6,6,Canada,3,Quickfire,Individual,Money,5000.0,Matt S.
Canada 6,6,Canada,3,Elimination,Individual,Prize,"$5,000 all inclusive trip for two to Mexico",JP M.
Canada 6,6,Canada,4,Elimination,Team,Money,10000.0,Matt S.
Canada 6,6,Canada,5,Quickfire,Individual,Money,5000.0,Matt S.
Charleston,14,US,9,Quickfire,Individual,Prize,14 cases of Terlato wine,Brooke W.
Charleston,14,US,11,Quickfire,Individual,Money,10000.0,Sheldon S.
Charleston,14,US,11,Quickfire,Individual,Prize,"$10,000 and Sous Vide machine",Sheldon S.
Charleston,14,US,12,Quickfire,Individual,Money,10000.0,Brooke W.
Charleston,14,US,12,Elimination,Individual,Prize,"$7,500 bottle of Tequila",Brooke W.
Charleston,14,US,13,Quickfire,Individual,Prize,Win a 7-day trip to Secrets Resort & Spa,Brooke W.
Chicago,4,US,3,Quickfire,Individual,Prize,The winner's dish was put on the menu of Rick Bayless' restaurant Topolobampo.,Richard B.
Chicago,4,US,5,Elimination,Team,Prize,The winner received a five-day trip for two to Italy,Lisa F.
Chicago,4,US,6,Elimination,Team,Prize,"The winner received a Weber Summit 650 Gas Grill and a Chicago Bears jersey labeled ""Top Chef"". ",Dale T.
Chicago,4,US,7,Quickfire,Individual,Prize,The winner had their Quickfire recipe placed in the Top Chef cookbook,Richard B.
Chicago,4,US,9,Elimination,Team,Prize,"The winner received a $2,000 gift certificate to Crate & Barrel.",Richard B.
Chicago,4,US,10,Elimination,Individual,Prize,The winner received a bottle of wine from a Napa Valley winery and a trip to visit their vineyards.,Dale T.
Chicago,4,US,11,Elimination,Team,Prize,"The winner received a trip for two to Barcelona, Spain, including a guided wine tour.",Stephanie I.
Chicago,4,US,12,Elimination,Individual,Prize,The winner received a cook book by Rick Tramonto and a suite of GE Monogram appliances.,Stephanie I.
Chicago,4,US,13,Elimination,Individual,Prize,2009 Toyota Corolla,Richard B.
D.C.,7,US,1,Quickfire,Individual,Money,20000.0,Angelo S.
D.C.,7,US,4,Quickfire,Individual,Money,10000.0,Kenny G.
D.C.,7,US,4,Quickfire,Individual,Money,10000.0,Tamesha W.
D.C.,7,US,6,Elimination,Team,Prize,Hilton trip,Kevin Sb.
D.C.,7,US,7,Quickfire,Individual,Money,20000.0,Angelo S.
D.C.,7,US,7,Elimination,Individual,Prize,Winner's dish will be on Palm's menu,Alex R.
D.C.,7,US,8,Elimination,Individual,Money,10000.0,Tiffany D.
D.C.,7,US,9,Quickfire,Team,Money,2500.0,Amanda B.
D.C.,7,US,9,Quickfire,Team,Money,2500.0,Kelly L.
D.C.,7,US,9,Quickfire,Team,Money,2500.0,Kenny G.
D.C.,7,US,9,Quickfire,Team,Money,2500.0,Kevin Sb.
D.C.,7,US,9,Elimination,Team,Prize,Trip to Napa,Ed C.
D.C.,7,US,10,Quickfire,Individual,Money,10000.0,Tiffany D.
D.C.,7,US,10,Elimination,Individual,Prize,Trip to Paris,Tiffany D.
D.C.,7,US,11,Quickfire,Individual,Prize,Schwann's will produce their dish,Ed C.
D.C.,7,US,11,Elimination,Individual,Prize,Copy of Rick Moonen's book; trip to Australia,Ed C.
D.C.,7,US,12,Quickfire,Individual,Prize,Winner goes to London courtesy of Hilton,Angelo S.
D.C.,7,US,12,Elimination,Individual,Prize,"Winner gets a car, their dish served on space station, go to Cape Canaveral for shuttle launch",Angelo S.
Colorado,15,US,2,Quickfire,Team,Money,5000.0,Joe F.
Colorado,15,US,2,Quickfire,Team,Prize,"$5,000 and year of dinner from Blue Apron + your recipe featured in Blue Apron",Joe F.
Colorado,15,US,6,Quickfire,Individual,Prize,Dish featured on Buzzfeed,Chris S.
Colorado,15,US,6,Elimination,Individual,Prize,Trip for two to Palm Springs,Tanya H.
Colorado,15,US,7,Quickfire,Individual,Money,5000.0,Carrie B.
Colorado,15,US,8,Elimination,Team,Money,10000.0,Adrienne C.
Colorado,15,US,8,Elimination,Team,Money,10000.0,Bruce K.
Colorado,15,US,8,Elimination,Team,Money,10000.0,Carrie B.
Colorado,15,US,8,Elimination,Team,Money,40000.0,Joe F.
Colorado,15,US,10,Quickfire,Individual,Prize,$500 credit to Craftsy,Chris S.
Colorado,15,US,11,Quickfire,Individual,Money,10000.0,Carrie B.
Houston,19,US,3,Elimination,Individual,Money,10000.0,Jae J.
Houston,19,US,5,Quickfire,Individual,Money,10000.0,Nick W. 
Houston,19,US,6,Quickfire,Team,Money,5000.0,Ashleigh S.
Houston,19,US,6,Quickfire,Team,Money,5000.0,Nick W.
Houston,19,US,7,Elimination,Team,Prize,VIP trip to world premiere of Jurassic World Dominion,Evelyn G.
Houston,19,US,7,Elimination,Team,Prize,VIP trip to world premiere of Jurassic World Dominion,Jackson K.
Houston,19,US,7,Elimination,Team,Prize,VIP trip to world premiere of Jurassic World Dominion,Nick W.
Houston,19,US,8,Elimination,Team,Money,10000.0,Ashleigh S.
Houston,19,US,8,Elimination,Team,Money,10000.0,Buddha
Houston,19,US,8,Elimination,Team,Money,10000.0,Damarr B.
Houston,19,US,8,Elimination,Team,Money,10000.0,Nick W.
Houston,19,US,10,Quickfire,Individual,Money,10000.0,Nick W. 
Houston,19,US,11,Elimination,Individual,Prize,"Complimentary stay, worth US$10,000, at any Vrbo vacation home around the world",Buddha
Kentucky,16,US,1,Quickfire,Team,Prize,Tickets to Kentucky Derby,Justin S.
Kentucky,16,US,1,Quickfire,Team,Prize,Tickets to Kentucky Derby,Pablo L.
Kentucky,16,US,1,Quickfire,Team,Prize,Tickets to Kentucky Derby,Sara B.
Kentucky,16,US,2,Elimination,Team,Money,10000.0,Nini N.
Kentucky,16,US,5,Elimination,Team,Money,10000.0,Brian Y.
Kentucky,16,US,7,Elimination,Individual,Prize,"The winner received a signed apron from Cecchini and the opportunity to stage at his butcher shop, Antica Macelleria Cecchini, in Tuscany, Italy, for a week.",Eddie K.
Kentucky,16,US,10,Elimination,Team,Money,5000.0,Eric A.
Kentucky,16,US,11,Quickfire,Individual,Money,5000.0,Sara B.
Kentucky,16,US,12,Quickfire,Individual,Money,10000.0,Justin S.
Kentucky,16,US,12,Elimination,Individual,Money,10000.0,Sara B.
Las Vegas,6,US,1,Quickfire,Team,Money,15000.0,Robin L.
Las Vegas,6,US,1,Quickfire,Team,Money,15000.0,Jennifer C.
Las Vegas,6,US,2,Quickfire,Individual,Money,15000.0,Michael V.
Las Vegas,6,US,5,Quickfire,Individual,Money,15000.0,Mike I.
Las Vegas,6,US,6,Elimination,Individual,Prize,Calphalon nonstick pans,Kevin G.
Las Vegas,6,US,7,Quickfire,Individual,Money,15000.0,Kevin G.
Las Vegas,6,US,7,Elimination,Team,Money,10000.0,Jennifer C.
Las Vegas,6,US,8,Elimination,Individual,Prize,The winner received an invitation to participate in the 2010 Pigs & Pinot event.,Kevin G.
Las Vegas,6,US,9,Elimination,Team,Money,10000.0,Michael V.
Las Vegas,6,US,10,Quickfire,Individual,Prize,The winning chef had their dish featured in the Top Chef line of frozen foods.,Kevin G.
Las Vegas,6,US,12,Quickfire,Individual,Prize,The winning recipe was the only Quickfire dish from Season 6 to be put in the Top Chef Quickfire cookbook.,Eli K.
Las Vegas,6,US,12,Elimination,Individual,Prize,"The winner received a bottle of Terlato Wine and a two-day, three-night trip to the Terlato Family Vineyards in Napa Valley.",Michael V.
Las Vegas,6,US,13,Elimination,Individual,Prize,"The winner received $30,000 and the opportunity to compete to represent the United States in the 2011 Bocuse d'Or.",Kevin G.
Las Vegas,6,US,14,Quickfire,Individual,Prize,Toyota Prius,Michael V.
Los Angeles,2,US,2,Elimination,Team,Prize,"The winner received a limited-edition Kyocera KT-300-HIP Kyotop 8.25"" ceramic sashimi knife.",Betty F.
Los Angeles,2,US,3,Elimination,Individual,Prize,The winning entree would be featured nationwide on the menu of T.G.I. Friday's.,Betty F.
Los Angeles,2,US,4,Elimination,Team,Prize,The winner received a cookbook written by guest judge Suzanne Goin and an opportunity to collaborate on one of Goin's famed Sunday supper menus for her Lucques restaurant.,Frank T.
Los Angeles,2,US,5,Elimination,Team,Prize,An opportunity to work with Michelle Bernstein at the Sagamore Hotel in Miami on the Food Network South Beach Wine and Food Festival.,Ilan H.
Los Angeles,2,US,8,Elimination,Team,Prize,The winner received a 20-piece set of Global knives.,Sam T.
Masters Season 1,1,US Masters,1,Elimination,Individual,Money,10000.0,Hubert Keller
Masters Season 1,1,US Masters,2,Elimination,Individual,Money,10000.0,Suzanne Tracht
Masters Season 1,1,US Masters,3,Elimination,Individual,Money,10000.0,Rick Bayless
Masters Season 1,1,US Masters,4,Elimination,Individual,Money,10000.0,Anita Lo
Masters Season 1,1,US Masters,5,Elimination,Individual,Money,10000.0,Michael Chiarello
Masters Season 1,1,US Masters,6,Elimination,Individual,Money,10000.0,Art Smith
Masters Season 1,1,US Masters,7,Elimination,Individual,Money,10000.0,Anita Lo
Masters Season 1,1,US Masters,8,Elimination,Individual,Money,10000.0,Michael Chiarello
Masters Season 1,1,US Masters,9,Elimination,Individual,Money,10000.0,Hubert Keller
Masters Season 2,2,US Masters,1,Quickfire,Team,Money,5000.0,Susan Feniger
Masters Season 2,2,US Masters,1,Quickfire,Team,Money,5000.0,Tony Montuano
Masters Season 2,2,US Masters,1,Elimination,Team,Money,10000.0,Susan Feniger
Masters Season 2,2,US Masters,1,Elimination,Team,Money,10000.0,Tony Montuano
Masters Season 2,2,US Masters,2,Quickfire,Individual,Money,5000.0,Monica Pope
Masters Season 2,2,US Masters,2,Elimination,Individual,Money,10000.0,Carmen Gonzalez
Masters Season 2,2,US Masters,3,Quickfire,Individual,Money,5000.0,Jonathan Waxman
Masters Season 2,2,US Masters,3,Elimination,Individual,Money,10000.0,Jonathan Waxman
Masters Season 2,2,US Masters,4,Quickfire,Individual,Money,5000.0,Jody Adams
Masters Season 2,2,US Masters,5,Quickfire,Team,Money,2500.0,Jody Adams
Masters Season 2,2,US Masters,5,Quickfire,Team,Money,2500.0,Jonathan Waxman
Masters Season 2,2,US Masters,5,Quickfire,Team,Money,2500.0,Rick Moonen
Masters Season 2,2,US Masters,5,Quickfire,Team,Money,2500.0,Susan Feniger
Masters Season 2,2,US Masters,5,Elimination,Team,Money,10000.0,Jody Adams
Masters Season 2,2,US Masters,6,Quickfire,Individual,Money,5000.0,Rick Moonen
Masters Season 2,2,US Masters,6,Elimination,Individual,Money,10000.0,Susur Lee
Masters Season 2,2,US Masters,7,Quickfire,Individual,Money,5000.0,Susan Feniger
Masters Season 2,2,US Masters,7,Elimination,Individual,Money,10000.0,Susan Feniger
Masters Season 2,2,US Masters,8,Quickfire,Individual,Money,5000.0,Rick Moonen
Masters Season 2,2,US Masters,8,Elimination,Individual,Money,10000.0,Rick Moonen
Masters Season 2,2,US Masters,9,Quickfire,Individual,Money,5000.0,Marcus Samuelsson
Masters Season 2,2,US Masters,9,Elimination,Individual,Money,10000.0,Marcus Samuelsson
Masters Season 3,3,US Masters,1,Quickfire,Individual,Money,5000.0,Traci Des Jardins
Masters Season 3,3,US Masters,1,Elimination,Team,Money,10000.0,Alex Stratta
Masters Season 3,3,US Masters,2,Quickfire,Individual,Money,5000.0,John Currence
Masters Season 3,3,US Masters,2,Elimination,Individual,Money,10000.0,Mary Sue Milliken
Masters Season 3,3,US Masters,3,Quickfire,Individual,Money,5000.0,Hugh Acheson
Masters Season 3,3,US Masters,3,Elimination,Individual,Money,11800.0,Naomi Pomeroy
Masters Season 3,3,US Masters,3,Elimination,Individual,Money,1700.0,Suvir Saran
Masters Season 3,3,US Masters,4,Quickfire,Individual,Money,5000.0,Traci Des Jardins
Masters Season 3,3,US Masters,4,Elimination,Team,Money,10000.0,Floyd Cardoz
Masters Season 3,3,US Masters,5,Quickfire,Individual,Money,5000.0,Naomi Pomeroy
Masters Season 3,3,US Masters,5,Elimination,Individual,Money,10000.0,Mary Sue Milliken
Masters Season 3,3,US Masters,6,Quickfire,Individual,Money,5000.0,Traci Des Jardins
Masters Season 3,3,US Masters,6,Elimination,Team,Money,10000.0,Traci Des Jardins
Masters Season 3,3,US Masters,7,Quickfire,Individual,Money,5000.0,Hugh Acheson
Masters Season 3,3,US Masters,7,Elimination,Individual,Money,10000.0,Naomi Pomeroy
Masters Season 3,3,US Masters,8,Quickfire,Individual,Money,5000.0,Hugh Acheson
Masters Season 3,3,US Masters,8,Elimination,Individual,Money,10000.0,Mary Sue Milliken
Masters Season 3,3,US Masters,9,Quickfire,Individual,Money,5000.0,Traci Des Jardins
Masters Season 3,3,US Masters,9,Elimination,Individual,Money,10000.0,Mary Sue Milliken
Miami,3,US,2,Elimination,Individual,Prize,The winner received a collection of books by Anthony Bourdain,Tre W.
Miami,3,US,4,Elimination,Individual,Prize,"The winner received three books from guest judge, chef Alfred Portale, and an invitation to spend a week at the Gotham Bar and Grill working with Portale and his staff.",Howie K.
Miami,3,US,6,Elimination,Individual,Prize,The winner received a bottle of Argentine wine from guest judge DUO restaurant co-owner Maria Frumkin.,Howie K.
Miami,3,US,8,Elimination,Team,Prize,Each member of the winning team received two tickets to Italy.,"Tre W., CJ J."
Miami,3,US,9,Quickfire,Individual,Prize,The winner dined with restaurateur Govind Armstrong at Table 8.,Dale L.
Miami,3,US,9,Elimination,Team,Prize,The winner received a first-edition copy of Armstrong's book and a platinum card good for entry into all Club Nikki locations.,Tre W.
Miami,3,US,11,Elimination,Team,Prize,The winner received a fully stocked pantry from Town & Country. ,Sara M.
Miami,3,US,12,Elimination,Individual,Prize,The winner received a 17-inch Apple MacBook Pro laptop computer.,Casey T.
Miami,3,US,13,Quickfire,Individual,Prize,"The winner received an early copy of Lakshmi's new cookbook Tangy, Tart, Hot and Sweet ",Hung H.
Miami,3,US,13,Elimination,Individual,Prize,The winner received two Continental business first class tickets to any Continental destination worldwide. ,Casey T.
New Orleans,11,US,5,Quickfire,Team,Money,1428.57,Bene B.
New Orleans,11,US,5,Quickfire,Team,Money,1428.57,Brian Hu.
New Orleans,11,US,5,Quickfire,Team,Money,1428.57,Carlos G.
New Orleans,11,US,5,Quickfire,Team,Money,1428.57,Nicholas E.
New Orleans,11,US,5,Quickfire,Team,Money,1428.57,Nina C.
New Orleans,11,US,5,Quickfire,Team,Money,1428.57,Patty V.
New Orleans,11,US,5,Quickfire,Team,Money,1428.57,Travis M.
New Orleans,11,US,6,Elimination,Individual,Money,10000.0,Nina C.
New Orleans,11,US,10,Quickfire,Individual,Money,10000.0,Shirley C.
New Orleans,11,US,11,Elimination,Individual,Prize,2013 Toyota Rav 4,Shirley C.
New Orleans,11,US,15,Quickfire,Individual,Prize,Toyota Corolla,Carlos G.
New Orleans,11,US,15,Elimination,Individual,Prize,Dish will be on Emeril's menu,Shirley C.
New Orleans,11,US,16,Quickfire,Individual,Money,10000.0,Nicholas E.
New York,6,US,1,Quickfire,Individual,Money,15000.0,Jennifer C.
New York,6,US,2,Quickfire,Individual,Money,15000.0,Michael V.
New York,5,US,4,Quickfire,Individual,Prize,"The winner received a copy of Rocco DiSpirito's book, Rocco Gets Real",Leah C.
New York,5,US,4,Elimination,Individual,Prize,"The winning chef received a custom-made kit of two dozen chef's tools put together by Rocco DiSpirito, as well as an opportunity to present a dish live on The Today Show the morning after the episode aired.",Ariane D.
New York,6,US,5,Quickfire,Individual,Money,15000.0,Mike I.
New York,5,US,6,Quickfire,Individual,Prize,"The prize, in addition to immunity in the elimination challenge, was an autographed copy of Stewart's latest book, Martha Stewart's Cooking School.",Ariane D.
New York,5,US,6,Elimination,Individual,Prize,"All four of the judges' favorites received copies of Michelle Bernstein's latest cookbook, Cuisine a Latina.",Hosea R.
New York,6,US,7,Quickfire,Individual,Money,15000.0,Kevin G.
New York,6,US,9,Elimination,Individual,Money,2500.0,Bryan V.
New York,6,US,9,Elimination,Individual,Money,2500.0,Eli K.
New York,6,US,9,Elimination,Individual,Money,2500.0,Michael V.
New York,6,US,9,Elimination,Individual,Money,2500.0,Robin L.
New York,5,US,9,Elimination,Team,Prize,The winner of the challenge received a new suite of GE Monogram appliances.,Stefan R.
New York,5,US,10,Elimination,Individual,Prize,The winner of the challenge received two tickets to Super Bowl XLIII.,Carla H.
New York,5,US,11,Elimination,Individual,Prize,"The winner received a copy of Eric Ripert's book On the Line, an opportunity to shadow Ripert at three of his restaurants for one week, starting at Le Bernardin, with a room at the Ritz-Carlton Hotel, and a trip to the Food & Wine Festival at Pebble Beach.",Stefan R.
New York,5,US,12,Elimination,Individual,Prize,"The winner received a bottle of Terlato Angel's Peak Wine and a three-day, two-night trip to the Terlato vineyard.",Fabio V.
New York,5,US,13,Quickfire,Individual,Prize,"The winner would join the four finalists in the Elimination Challenge, but would have to win that challenge to reach the season finale. In addition, they also received a copy of Emeril's new book, Emeril at the Grill.",Jeff M.
New York,5,US,13,Elimination,Individual,Prize,The winner received a new 2009 Toyota Venza.,Carla H.
New York,6,US,13,Elimination,Individual,Money,30000.0,Kevin G.
Portland,18,US,3,Quickfire,Individual,Money,10000.0,Avishar B.
Portland,18,US,4,Quickfire,Individual,Money,10000.0,Chris V.
Portland,18,US,5,Elimination,Team,Money,10000.0,Byron G.
Portland,18,US,6,Quickfire,Individual,Money,10000.0,Gabriel P.
Portland,18,US,10,Quickfire,Individual,Money,10000.0,Dawn B.
Portland,18,US,12,Elimination,Individual,Money,10000.0,Shota N.
San Francisco,1,US,7,Elimination,Team,Prize,Accompany Jeffrey Chodorow to Cannes Film Festival,Dave M.
San Francisco,1,US,9,Quickfire,Individual,Prize,A bottle of Shafer Hillside Select Cabernet Sauvignon,Harold D.
Seattle,10,US,4,Elimination,Individual,Money,10000.0,Kristen K.
Seattle,10,US,5,Elimination,Team,Money,10000.0,No winner
Seattle,10,US,6,Elimination,Individual,Prize,Toyota Prius,Brooke W. 
Seattle,10,US,7,Elimination,Individual,Money,10000.0,Kristen K.
Seattle,10,US,8,Quickfire,Individual,Money,5000.0,Micah F.
Seattle,10,US,9,Quickfire,Team,Prize,Bob Kramer knife,Micah F.
Seattle,10,US,9,Elimination,Individual,Money,15000.0,Kristen K.
Seattle,10,US,10,Elimination,Individual,Money,10000.0,Kristen K.
Seattle,10,US,10,Elimination,Individual,Money,10000.0,Sheldon S.
Seattle,10,US,11,Elimination,Team,Prize,Toyota Avalon,Sheldon S.
Seattle,10,US,12,Quickfire,Individual,Money,5000.0,Stefan R.
Seattle,10,US,12,Elimination,Individual,Prize,Terlato wine for a year,Josh V.
Seattle,10,US,13,Elimination,Individual,Prize,7 night cruise,Brooke W. 
Seattle,10,US,14,Quickfire,Individual,Money,5000.0,Sheldon S.
Seattle,10,US,14,Elimination,Individual,Prize,Trip somewhere,Brooke W. 
Texas,9,US,3,Quickfire,Individual,Money,5000.0,Dakota W.
Texas,9,US,4,Quickfire,Individual,Money,20000.0,Paul Q.
Texas,9,US,5,Quickfire,Individual,Money,5000.0,Lindsay A.
Texas,9,US,6,Elimination,Team,Prize,2011 Toyota Venza,Heather T.
Texas,9,US,7,Quickfire,Individual,Money,5000.0,Ty-Lor B.
Texas,9,US,7,Elimination,Team,Money,5000.0,Edward L.
Texas,9,US,7,Elimination,Team,Money,5000.0,Ty-Lor B.
Texas,9,US,8,Quickfire,Individual,Money,10000.0,Paul Q.
Texas,9,US,9,Quickfire,Individual,Prize,"Received a copy of ""Modernist Cuisine""",Ty-Lor B.
Texas,9,US,9,Elimination,Team,Money,5000.0,Grayson S.
Texas,9,US,9,Elimination,Team,Money,5000.0,Lindsay A.
Texas,9,US,9,Elimination,Team,Money,5000.0,Paul Q.
Texas,9,US,11,Elimination,Individual,Prize,Two tickets to the premiere of Snow White and the Huntsman,Paul Q.
Texas,9,US,12,Quickfire,Team,Money,5000.0,Chris J.
Texas,9,US,12,Quickfire,Team,Money,5000.0,Grayson S.
Texas,9,US,12,Elimination,Individual,Money,15000.0,Paul Q.
Texas,9,US,13,Quickfire,Individual,Money,5000.0,Edward L.
Texas,9,US,14,Elimination,Individual,Prize,Toyota Prius,Paul Q.
Texas,9,US,15,Elimination,Individual,Money,10000.0,Lindsay A.
Texas,9,US,15,Elimination,Individual,Money,10000.0,Paul Q.
Texas,9,US,15,Elimination,Individual,Money,10000.0,Sarah G.
Texas,9,US,16,Quickfire,Individual,Money,20000.0,Sarah G.
California,13,US,3,Elimination,Individual,Prize,Barrel of wine from Sanford Winery,Kwame O.
California,13,US,4,Quickfire,Individual,Prize,"Portable solar stove and a $10,000 donation to World Central Kitchen on their behalf",Wesley T.
California,13,US,4,Elimination,Team,Prize,Trip to Palm Springs,Jeremy F.
California,13,US,13,Sudden Death Quickfire,Individual,Prize,Rational AG oven,Jeremy F.
California,13,US,14,Quickfire,Individual,Money,25000.0,Jeremy F.
Masters Season 4,4,US Masters,1,Quickfire,Team,Money,5000.0,Chris Cosentino
Masters Season 4,4,US Masters,1,Quickfire,Team,Money,5000.0,Patricia Yeo
Masters Season 4,4,US Masters,1,Elimination,Team,Money,11000.0,Chris Cosentino
Masters Season 4,4,US Masters,1,Elimination,Team,Money,1000.0,Patricia Yeo
Masters Season 4,4,US Masters,1,Elimination,Team,Money,1000.0,Thierry Rautureau
Masters Season 4,4,US Masters,1,Elimination,Team,Money,1000.0,Clark Frasier
Masters Season 4,4,US Masters,2,Elimination,Team,Money,10000.0,Patricia Yeo
Masters Season 4,4,US Masters,3,Quickfire,Individual,Money,5000.0,Takashi Tagihashi
Masters Season 4,4,US Masters,3,Elimination,Individual,Money,10000.0,Art Smith
Masters Season 4,4,US Masters,4,Quickfire,Team,Money,5000.0,Lorena Garcia
Masters Season 4,4,US Masters,4,Elimination,Individual,Money,5000.0,Takashi Tagihashi
Masters Season 4,4,US Masters,4,Elimination,Team,Money,5000.0,Thierry Rautureau
Masters Season 4,4,US Masters,5,Quickfire,Individual,Money,5000.0,Takashi Tagihashi
Masters Season 4,4,US Masters,5,Elimination,Individual,Money,10000.0,Lorena Garcia
Masters Season 4,4,US Masters,6,Quickfire,Individual,Money,5000.0,Takashi Tagihashi
Masters Season 4,4,US Masters,6,Elimination,Individual,Money,10000.0,Chris Cosentino
Masters Season 4,4,US Masters,7,Quickfire,Individual,Money,5000.0,Kerry Heffernan
Masters Season 4,4,US Masters,7,Elimination,Individual,Money,10000.0,Lorena Garcia
Masters Season 4,4,US Masters,8,Quickfire,Team,Money,2500.0,Kerry Heffernan
Masters Season 4,4,US Masters,8,Quickfire,Team,Money,2500.0,Lorena Garcia
Masters Season 4,4,US Masters,8,Elimination,Individual,Money,10000.0,Chris Cosentino
Masters Season 4,4,US Masters,9,Quickfire,Individual,Money,5000.0,Chris Cosentino
Masters Season 4,4,US Masters,9,Elimination,Individual,Money,10000.0,Kerry Heffernan
World All Stars,20,US,2,Quickfire,Individual,Money,10000.0,May Phattanant Thongthong
Masters Season 5,5,US Masters,1,Elimination,Individual,Money,10000.0,Odette Fada
Masters Season 5,5,US Masters,2,Sudden Death Quickfire,Individual,Money,5000.0,Sue Zemanick
Masters Season 5,5,US Masters,2,Elimination,Individual,Money,10000.0,Sang Yoon
Masters Season 5,5,US Masters,3,Quickfire,Individual,Money,5000.0,Sang Yoon
Masters Season 5,5,US Masters,3,Elimination,Individual,Money,10000.0,Jennifer Jasinski
Masters Season 5,5,US Masters,4,Quickfire,Individual,Money,5000.0,Sang Yoon
Masters Season 5,5,US Masters,4,Elimination,Team,Money,5000.0,Sue Zemanick
Masters Season 5,5,US Masters,4,Elimination,Team,Money,5000.0,David Burke
Masters Season 5,5,US Masters,4,Elimination,Team,Money,5000.0,Douglas Keane
Masters Season 5,5,US Masters,5,Elimination,Team,Money,10000.0,Sang Yoon
Masters Season 5,5,US Masters,6,Quickfire,Individual,Money,5000.0,Douglas Keane
Masters Season 5,5,US Masters,6,Elimination,Individual,Money,10000.0,Neal Fraser
Masters Season 5,5,US Masters,7,Quickfire,Individual,Money,5000.0,Douglas Keane
Masters Season 5,5,US Masters,7,Elimination,Team,Money,5000.0,Douglas Keane
Masters Season 5,5,US Masters,7,Elimination,Team,Money,5000.0,Jennifer Jasinski
Masters Season 5,5,US Masters,8,Quickfire,Individual,Money,5000.0,Jennifer Jasinski
Masters Season 5,5,US Masters,8,Elimination,Individual,Money,10000.0,Jennifer Jasinski
Masters Season 5,5,US Masters,9,Quickfire,Individual,Money,5000.0,Jennifer Jasinski
Masters Season 5,5,US Masters,9,Elimination,Individual,Money,10000.0,Bryan V.
World All Stars,20,US,5,Elimination,Individual,Prize,"$10,000 for a VRBO trip",Amar S.
World All Stars,20,US,6,Elimination,Team,Money,10000.0,Nicole Gomes
World All Stars,20,US,8,Elimination,Team,Prize,Trip to Fast & Furious Movie premiere,Ali Ghzawi
World All Stars,20,US,8,Elimination,Team,Prize,Trip to Fast & Furious Movie premiere,Tom Goetter
World All Stars,20,US,8,Elimination,Team,Prize,Trip to Fast & Furious Movie premiere,Gabriel Rodriguez
World All Stars,20,US,9,Elimination,Team,Money,10000.0,Ali Ghzawi
World All Stars,20,US,9,Elimination,Team,Money,10000.0,Buddha
World All Stars,20,US,9,Elimination,Team,Money,10000.0,Amar S.
World All Stars,20,US,9,Elimination,Team,Money,10000.0,Sara B.
World All Stars,20,US,11,Quickfire,Individual,Money,10000.0,Buddha
World All Stars,20,US,13,Quickfire,Individual,Prize,"$10,000 giftcard from Delta",Ali Ghzawi
